ID,admin,age,sex,zone,gang,family,other,risk
77th 1-16-100-1,1,18,2,1,-0.956324128,-2.883766011,NA,2.603623309
77th 1-16-110-1,1,15,2,1,1.277709845,1.478280571,NA,2.806261664
77th 1-16-111-1,1,21,2,1,NA,-4.297772601,NA,-1.588878419
77th 1-16-112-1,1,20,2,1,NA,NA,1.535108175,-0.878614875
77th 1-16-113-1,1,18,2,1,NA,-2.345008704,-2.637297341,-2.956039882
77th 1-16-114-1,1,16,2,1,-0.369860075,-2.322408821,NA,-0.246181206
77th 1-16-64-1,1,17,1,1,-0.014131788,-1.60601219,-0.178779775,2.27612212
77th 1-16-81-1,1,18,2,1,0.564768609,1.581231343,NA,-0.432885349
77th 1-16-82-1,1,17,2,1,NA,-2.009535708,NA,2.58766192
77th 1-16-83-1,1,18,2,1,1.79473411,1.825476311,NA,-0.285508158
77th 1-16-84-1,1,18,2,1,0.934160321,-3.284919905,NA,4.687655637
77th 1-16-91-1,1,18,1,1,1.460600139,-2.676801615,NA,2.854118655
77th 1-16-92-1,1,16,2,1,NA,NA,NA,0.722256514
77th 1-16-94-1,1,17,2,1,0.049536992,-2.887474728,NA,0.218799781
77th 1-16-95-1,1,17,2,1,1.874593433,-1.282688246,NA,2.209040845
77th 1-16-96-1,1,18,2,1,NA,-1.095683246,NA,1.217210385
77th 1-16-99-1,1,17,2,1,2.673953666,0.817054657,NA,1.730021186
77th 2-13-1290-2,1,15,1,2,-2.446807652,-1.344302974,NA,0.97935918
77th 2-13-1305-1,1,16,1,2,NA,-0.499675457,NA,0.334617183
77th 2-13-1309-1,1,18,2,2,NA,-2.622284182,-0.891331677,-2.272459151
77th 2-13-1382-2,1,17,1,2,NA,-1.764450311,NA,0.073888632
77th 2-13-1383-2,1,17,1,2,NA,2.152531447,NA,-0.190678377
77th 2-13-1384-2,1,19,1,2,NA,NA,NA,1.405864423
77th 2-13-1399-1,1,19,1,2,NA,NA,-1.732858693,-5.485774559
77th 2-13-1411-1,1,18,1,2,-4.850949829,2.426014689,2.207880682,3.052642908
77th 3-20-334-1,1,17,2,3,NA,-0.569516348,-1.294509169,-2.249917618
BVCB-0-174-1,1,20,1,22,2.93178019,-0.597945123,0.411312433,NA
BVCB-0-184-2,1,19,2,22,0.286229106,-1.487376429,NA,3.809879242
BVCB-0-196-3,1,24,1,22,2.377186383,-1.902807591,NA,-1.691172544
BVCB-0-215-3,1,18,1,22,0.06959571,-0.853172164,-1.45044017,1.089084656
BVCB-0-222-2,1,25,1,22,-1.249244012,0.257893916,NA,-2.830353017
BVCB-0-225-3,1,23,1,22,NA,0.130734099,NA,4.831715579
BVCB-0-235-3,1,21,1,22,NA,-0.51919311,NA,10.39951474
BVCB-0-88-3,1,21,1,22,-7.531817904,-0.046885205,NA,-3.299293789
CPHBRE-0-109-1,1,18,1,999,2.882930736,-6.167534835,NA,5.597817764
CPHBRE-0-110-1,1,17,2,999,0.398490289,2.420753118,0.917303558,NA
CPHBRE-0-61-1,1,17,1,999,3.820672349,-3.176291558,NA,6.491682689
CPHBRE-0-82-1,1,16,1,999,NA,2.28419959,0.507545573,-0.021798171
CPHBRE-0-83-1,1,16,1,999,NA,4.019425392,0.557541432,0.241341314
CPHBRE-0-98-1,1,17,1,999,3.440452133,0.76709629,NA,8.77613481
Devonshire-Topanga-11-100-2,1,18,1,4,2.776237706,1.450343017,2.537173556,-1.908921081
Devonshire-Topanga-11-101-1,1,16,1,4,-0.884652746,-1.877855606,1.492207271,3.871807897
Devonshire-Topanga-11-103-1,1,17,1,4,NA,-2.778915238,4.693139264,8.248735037
Devonshire-Topanga-11-105-2,1,21,2,4,NA,-0.446660422,1.482505271,2.678163112
Devonshire-Topanga-11-108-1,1,17,1,4,2.936487966,-0.826853461,-0.053290836,7.651180318
Devonshire-Topanga-11-114-1,1,16,2,4,NA,-2.144227583,3.137939157,3.111221321
Devonshire-Topanga-11-115-1,1,19,1,4,-2.248001381,-5.852562165,2.462436999,3.274532724
Devonshire-Topanga-11-117-1,1,20,1,4,NA,3.189979061,1.341735574,-2.08904508
Devonshire-Topanga-11-119-1,1,18,2,4,NA,-2.181260563,NA,4.73548545
Devonshire-Topanga-11-123-1,1,17,1,4,1.267855346,-0.882754746,1.980430048,2.333876503
Devonshire-Topanga-11-125-1,1,20,1,4,-0.39848643,0.234890198,1.374934477,0.784152176
Devonshire-Topanga-11-129-1,1,16,1,4,2.260217422,0.511455311,-2.086769659,3.418619842
Devonshire-Topanga-11-131-1,1,18,1,4,-0.541010552,1.421837758,-0.507193519,0.003490109
Devonshire-Topanga-11-133-1,1,17,1,4,NA,6.013622408,1.884047111,0.113215585
Devonshire-Topanga-11-143-1,1,16,1,4,1.257304851,-8.638902052,-6.371717999,0.69121212
Devonshire-Topanga-11-146-1,1,16,2,4,NA,3.418830706,-2.925567024,-1.475835694
Devonshire-Topanga-11-162-1,1,17,1,4,2.498884079,-4.866720603,NA,2.14799639
Devonshire-Topanga-11-18-3,1,18,1,4,1.588397604,0.346366218,0.223641194,3.84353818
Devonshire-Topanga-11-7-2,1,22,2,4,0.760246635,0.890767954,NA,-1.58556117
Devonshire-Topanga-11-90-2,1,24,1,4,NA,4.689927116,3.856342218,-3.986346087
Devonshire-Topanga-11-97-1,1,17,1,4,1.743214116,1.835158821,4.491550518,-1.058738875
Devonshire-Topanga-11-98-1,1,18,1,4,3.600140803,5.56875998,NA,0.170942791
FGSEARE-0-60-1,1,18,1,999,1.295916666,3.858468229,2.209366538,8.848966382
FGSEARE-0-84-1,1,17,1,999,NA,1.537650813,NA,1.454909186
FGSEARE-0-89-1,1,18,1,999,NA,-2.113143429,NA,1.228663603
Foothill-14-211-1,1,16,2,5,NA,4.58290793,1.042278034,-0.031359751
Foothill-14-314-1,1,17,2,5,NA,-7.715860158,NA,-0.011620073
Foothill-14-375-1,1,15,1,5,NA,-4.996577189,NA,-0.102094087
Foothill-14-390-1,1,19,1,5,NA,-2.952488575,NA,2.494749041
Foothill-14-437-1,1,18,2,5,NA,-0.127412723,NA,-3.69734782
Foothill-14-449-1,1,20,2,5,NA,NA,NA,-1.366961426
Foothill-14-451-1,1,17,1,5,NA,3.279000926,2.010142776,-2.378043347
Harbor-21-150-1,1,21,1,6,0.973522511,4.22753388,-0.608913154,-0.721883616
Harbor-21-160-2,1,24,1,6,-0.916265941,2.90266419,2.3022633,-3.646200757
Harbor-21-162-2,1,17,1,6,1.870509942,1.554269045,1.391973493,-0.773030679
Harbor-21-164-1,1,14,1,6,0.885783232,1.783956604,-4.782075193,-1.780795351
Harbor-21-167-2,1,22,1,6,0.747658902,0.994646128,NA,-2.956039882
Harbor-21-168-2,1,25,2,6,1.127693779,-0.102876532,NA,1.089084656
Harbor-21-169-2,1,21,1,6,1.304268988,1.339405246,1.280551858,-0.827467813
Harbor-21-171-1,1,19,2,6,-2.274467853,-1.84250992,NA,0.15169133
Harbor-21-176-2,1,17,1,6,-0.031642613,0.137621966,-0.152038758,-0.878614875
Harbor-21-179-1,1,18,2,6,0.645323928,-2.399099828,NA,-2.08904508
Harbor-21-182-1,1,15,2,6,1.040671456,-3.300322918,1.508367158,-0.788964891
Harbor-21-184-2,1,21,1,6,3.193618494,0.741799224,NA,1.033977809
Harbor-21-189-2,1,22,2,6,-1.101008132,3.216364561,NA,-1.691172544
Harbor-21-194-1,1,16,1,6,-1.323260616,-1.880812726,0.013106971,2.571727708
Harbor-21-196-1,1,17,1,6,1.453660768,5.243729799,0.748549049,3.287204041
Harbor-21-198-1,1,19,2,6,-0.609222728,-0.868025817,-0.085883012,-1.62077402
Harbor-21-199-1,1,17,1,6,2.964806337,2.763528102,NA,0.562235183
Harbor-21-203-1,1,26,2,6,-1.408051345,-1.270758155,NA,-0.922116099
Harbor-21-205-1,1,24,2,6,-0.928005758,2.790424612,NA,-2.304354752
Harbor-21-206-1,1,20,1,6,1.502510223,0.274944228,NA,0.437399525
Harbor-21-207-1,1,16,1,6,-0.485858474,1.293512636,1.231435129,5.44178921
Harbor-21-209-1,1,24,1,6,0.333665608,-5.752826823,-0.071573647,-2.041188089
Harbor-21-220-1,1,18,1,6,0.659008312,2.330633517,NA,-1.039487413
Harbor-21-221-1,1,22,1,6,2.080183008,2.499545951,2.728181172,-1.96091935
Harbor-21-223-1,1,17,1,6,-1.972132417,-0.165165188,-1.232568931,-0.012289785
Harbor-21-224-1,1,21,1,6,-1.135662546,-3.190711071,-0.169077774,-2.612604481
Harbor-21-226-1,1,18,1,6,1.826439975,3.071024994,NA,-1.116466081
Harbor-21-228-1,1,26,2,6,0.747658902,2.431349703,NA,-2.378043347
Harbor-21-229-1,1,23,1,6,1.757349908,-0.856822513,1.280551858,-1.800046812
Harbor-21-234-1,1,23,1,6,0.968814734,3.895258379,0.454578003,-1.437359949
Harbor-21-235-1,1,22,1,6,4.352954886,-5.745159734,NA,3.285650129
Harbor-21-237-1,1,20,1,6,1.502510223,-0.67904965,NA,-2.378043347
Harbor-21-238-1,1,18,1,6,-0.031642613,0.04163575,0.764102209,-1.800046812
Harbor-21-239-1,1,23,2,6,-0.202700419,0.055450218,0.447605653,-4.907778024
Harbor-21-240-1,1,21,2,6,NA,-0.94493945,-0.654935566,-2.432480481
Harbor-21-242-1,1,23,1,6,0.950607914,1.752889998,NA,-2.956039882
Hollenbeck 1-20-101-2,1,16,1,7,NA,1.537073418,-0.428606122,0.671290946
Hollenbeck 1-20-103-2,1,17,1,7,NA,1.744681382,NA,-1.167613143
Hollenbeck 1-20-104-3,1,16,1,7,NA,8.796792652,5.411542326,-2.884790151
Hollenbeck 1-20-105-4,1,23,1,7,-1.785795379,-3.066289047,NA,1.11960784
Hollenbeck 1-20-111-2,1,22,1,7,NA,3.074409222,NA,-4.329781489
Hollenbeck 1-20-112-2,1,15,1,7,1.709471014,-1.681576626,3.1267513,2.240936447
Hollenbeck 1-20-115-3,1,17,1,7,2.119452528,0.641573074,NA,-0.851717576
Hollenbeck 1-20-116-2,1,18,1,7,-4.01175504,2.981048079,NA,-0.832493292
Hollenbeck 1-20-122-2,1,14,1,7,1.545698853,-2.352233793,NA,6.214838431
Hollenbeck 1-20-123-2,1,18,1,7,-1.911391226,-0.63086349,NA,-0.24182544
Hollenbeck 1-20-130-2,1,16,1,7,NA,3.29402837,0.272393258,1.496338437
Hollenbeck 1-20-131-2,1,16,1,7,5.020526832,-4.51496827,-0.40423009,2.202460702
Hollenbeck 1-20-136-2,1,16,1,7,NA,-3.023179997,1.729359906,NA
Hollenbeck 1-20-139-2,1,15,2,7,0.334821509,6.969531767,NA,-0.358345546
Hollenbeck 1-20-140-2,1,14,1,7,-3.452892402,0.531788648,NA,-2.378043347
Hollenbeck 1-20-147-2,1,18,1,7,0.898370965,0.364496922,NA,-0.359196754
Hollenbeck 1-20-150-2,1,18,1,7,4.055512566,0.356684905,NA,-2.306793616
Hollenbeck 1-20-160-2,1,16,2,7,NA,-3.924786717,NA,0.924922046
Hollenbeck 1-20-177-2,1,16,1,7,4.383525809,-0.60616384,NA,6.446082315
Hollenbeck 1-20-183-2,1,15,2,7,NA,-0.121226793,2.050071969,7.081833234
Hollenbeck 1-20-184-2,1,16,2,7,2.465549947,5.186046003,NA,0.113215585
Hollenbeck 1-20-186-2,1,16,1,7,2.423015577,-3.886852833,NA,7.530852832
Hollenbeck 1-20-191-2,1,17,2,7,-5.983727078,-5.450879684,NA,-2.595791884
Hollenbeck 1-20-193-2,1,14,1,7,-8.583600888,3.509160946,NA,-3.251618293
Hollenbeck 1-20-217-2,1,16,1,7,0.34625334,NA,-0.06150698,-1.206088888
Hollenbeck 1-20-228-2,1,33,1,7,-1.443401756,-0.685319302,NA,-3.408349552
Hollenbeck 1-20-243-1,1,18,2,7,NA,-5.400660966,2.779298221,-4.329781489
Hollenbeck 1-20-244-1,1,18,2,7,NA,-2.118258887,NA,-1.800046812
Hollenbeck 1-20-368-2,1,17,2,7,NA,-3.77076894,3.124750981,-1.944106754
Hollenbeck 1-20-44-2,1,20,1,7,4.442854047,2.190746657,NA,2.47549758
Hollenbeck 1-20-59-2,1,16,2,7,NA,-1.946735857,NA,1.464415659
Hollenbeck 1-20-64-2,1,17,1,7,-0.783321754,2.148621702,NA,-2.381333419
Hollenbeck 1-20-76-3,1,18,1,8,NA,-0.049508558,2.911245046,2.103610967
Hollenbeck 1-20-77-3,1,17,2,7,-0.9291407,0.525743067,NA,-2.378043347
Hollenbeck 1-20-80-3,1,18,1,7,-6.620196487,2.990434162,0.208088034,-2.381333419
Hollenbeck 1-20-98-2,1,17,1,7,-2.678041613,1.019269109,NA,-4.040783222
Hollenbeck 2-20-10-3,1,17,2,8,-0.846130157,NA,NA,-1.214404439
Hollenbeck 2-20-100-2,1,18,2,8,NA,5.737258295,1.943987031,-3.299475284
Hollenbeck 2-20-114-2,1,18,1,8,1.288918046,1.071211611,NA,0.081319983
Hollenbeck 2-20-119-2,1,19,2,8,NA,0.590902255,NA,0.167652719
Hollenbeck 2-20-132-2,1,23,1,8,NA,3.666917361,3.733732727,5.598338974
Hollenbeck 2-20-145-2,1,19,1,8,NA,0.648680884,NA,-2.269169079
Hollenbeck 2-20-146-2,1,15,2,8,NA,-2.177600681,-0.498248042,0.145111186
Hollenbeck 2-20-154-2,1,23,1,8,1.569494787,-0.245797227,NA,1.065170706
Hollenbeck 2-20-158-2,1,22,2,8,NA,-6.638153822,NA,-1.386212887
Hollenbeck 2-20-165-2,1,17,2,8,NA,-1.819777453,NA,0.432737036
Hollenbeck 2-20-169-2,1,16,1,8,NA,-3.126432536,2.389308903,2.513973325
Hollenbeck 2-20-171-2,1,17,1,8,NA,-0.843239974,1.523920319,-2.775915883
Hollenbeck 2-20-192-2,1,16,2,8,-2.950995448,-5.429433426,NA,-1.588878419
Hollenbeck 2-20-199-2,1,15,1,8,NA,-1.681604276,-1.304817897,2.186499312
Hollenbeck 2-20-200-2,1,17,1,8,NA,-3.292162955,1.659717985,2.529934714
Hollenbeck 2-20-201-2,1,21,2,8,NA,2.903315617,NA,-4.618779757
Hollenbeck 2-20-202-2,1,18,1,8,NA,-2.976690174,1.971092714,1.127560401
Hollenbeck 2-20-31-2,1,16,1,8,NA,-1.658560353,2.561549587,-0.535179474
Hollenbeck 2-20-31-3,1,18,1,8,NA,-3.985691493,0.962934113,-2.323606213
Hollenbeck 2-20-33-3,1,15,2,8,NA,-3.003718442,4.367455171,-1.010881884
Hollenbeck 2-20-46-2,1,25,1,8,NA,NA,NA,-1.619922813
Hollenbeck 2-20-50-3,1,16,1,8,0.487765165,-2.459904846,0.652680574,-0.137306938
Hollenbeck 2-20-52-3,1,16,2,8,NA,-1.1036412,0.856998972,-0.773030679
Hollenbeck 2-20-68-2,1,19,1,8,NA,-0.584439867,2.044220809,-1.225340349
Hollenbeck 2-20-73-2,1,20,1,8,NA,3.902328465,NA,-2.667041615
Hollenbeck 2-20-85-2,1,42,1,8,1.912255645,-4.029648391,NA,6.269611378
Hollenbeck 2-20-89-2,1,30,2,8,NA,-9.098222747,0.655410226,2.690319035
Hollenbeck 3-20-199-2,1,16,2,9,-4.080161572,-4.376621533,1.063532557,-2.959329954
Hollenbeck 3-20-240-2,1,17,1,9,-1.140370322,0.139991589,NA,-2.143482214
Hollenbeck 3-20-241-2,1,20,2,9,-2.355023172,-1.17097643,NA,-5.485774559
Hollenbeck 3-20-257-1,1,22,1,9,2.611862218,0.205940696,NA,2.631344639
Hollenbeck 3-20-264-1,1,19,2,9,-7.712476603,-1.267208518,NA,-1.186837427
Hollenbeck 3-20-298-1,1,18,2,9,NA,3.897966049,NA,-3.880761891
Hollenbeck 3-20-3-2,1,20,2,9,-2.191621691,1.489272746,NA,0.15169133
Hollywood-12-14-1,1,25,1,10,2.013126733,-3.783676596,0.813218939,0.908960657
Hollywood-12-19-2,1,27,2,10,-4.568395101,3.535218913,1.908423142,0.222089853
Hollywood-12-24-2,1,16,1,10,0.022538904,1.821816841,2.225284364,2.716638857
Hollywood-12-25-2,1,14,1,10,NA,1.101085858,1.782327476,2.064953727
Hollywood-12-26-2,1,25,2,10,NA,1.19110877,1.908423142,2.013806664
Hollywood-12-30-2,1,25,1,10,-4.776051889,-0.525838744,2.745584854,-0.121345549
Hollywood-12-37-2,1,16,1,10,3.198326271,-0.061422613,2.870194664,2.895911649
Hollywood-12-41-1,1,24,1,10,2.247342664,-2.01544832,1.523920319,4.687809955
Hollywood-12-71-1,1,15,1,10,NA,2.527828998,2.344043015,2.408389128
Mission-14-216-2,1,14,1,11,NA,3.056459754,NA,-2.784231434
Mission-14-256-1,1,16,2,11,NA,-2.463651498,NA,-3.880761891
Mission-14-326-1,1,19,1,11,NA,-1.431516148,NA,-2.956039882
Mission-14-342-1,1,15,2,11,-2.372567417,-1.988690301,NA,7.313077118
Newton 1-17-128-1,1,14,1,12,NA,-0.308009553,1.475168255,0.277378195
Newton 1-17-145-1,1,15,1,12,-1.163980916,1.609756806,NA,1.615934128
Newton 1-17-160-1,1,15,2,12,NA,2.053181593,NA,4.048614647
Newton 1-17-170-1,1,14,2,12,NA,NA,NA,-1.167431648
Newton 1-17-173-1,1,15,1,12,2.047595807,-1.62100147,NA,2.244226518
Newton 1-17-178-1,1,15,2,12,2.047595807,-3.129022514,NA,2.92780725
Newton 1-17-181-1,1,17,2,12,3.437064638,-2.848940177,NA,-0.336655221
Newton 1-17-182-1,1,16,1,12,1.091904423,2.763111712,NA,1.448481447
Newton 1-17-187-1,1,15,1,12,NA,2.180487733,-0.203155807,-1.800046812
Newton 1-17-189-1,1,16,2,12,NA,-3.835755137,NA,4.212777257
Newton 1-17-190-2,1,16,1,12,NA,0.758512288,NA,1.775955459
Newton 1-17-195-1,1,16,1,12,2.047595807,-5.470877657,NA,3.789958069
Newton 1-17-196-1,1,16,2,12,2.047595807,-0.691418645,NA,2.92780725
Newton 1-17-200-1,1,16,1,12,NA,-0.701542356,3.688466838,-0.254315262
Newton 1-17-206-1,1,17,1,12,NA,3.596113174,1.920490128,1.002418021
Newton 1-17-207-1,1,13,2,12,NA,-0.878229469,2.434574792,1.127560401
Newton 1-17-208-1,1,24,1,12,NA,-5.010420519,-3.145166179,-1.066691435
Newton 1-17-225-1,1,17,1,12,NA,-0.878970139,2.945687745,4.08380032
Newton 1-17-226-1,1,14,2,12,NA,0.02579594,NA,2.033058125
Newton 1-17-227-1,1,17,1,12,NA,-0.374364352,1.724387875,-3.986346087
Newton 1-17-230-1,1,19,1,12,NA,3.585381762,NA,1.853999821
Newton 1-17-231-1,1,17,1,12,-6.064721343,0.927703419,-2.277777275,7.936525524
Newton 1-17-232-1,1,20,1,12,NA,0.508467473,-1.451926025,0.780862104
Newton 1-17-233-1,1,15,2,12,NA,-6.926039056,NA,2.552476247
Newton 1-17-276-2,1,16,1,12,NA,1.868383353,0.34973686,-3.24503815
Newton 1-17-49-2,1,17,2,12,1.095291918,-3.512786375,NA,2.025626774
Newton 1-17-56-2,1,16,2,12,NA,1.543700522,NA,2.95119999
Newton 1-17-59-2,1,20,1,12,NA,2.952456415,0.213574527,1.093440422
Newton 2-23-113-1,1,14,2,13,NA,0.830831603,-1.263917312,-1.116466081
Newton 2-23-113-2,1,15,2,13,NA,-0.25861768,NA,-0.089449947
Newton 2-23-126-1,1,16,1,13,4.022208409,-0.86262463,-3.387048783,1.585961245
Newton 2-23-129-2,1,24,1,13,NA,-9.198091059,NA,0.780834927
Newton 2-23-130-1,1,14,1,13,NA,0.36743425,2.142968731,1.178707463
Newton 2-23-135-1,1,21,2,13,NA,0.651631384,-1.054626884,-2.956039882
Newton 2-23-138-1,1,20,1,13,NA,4.413101239,0.900264542,-3.088125396
Newton 2-23-139-1,1,20,2,13,NA,-2.789753827,-1.41326782,0.22556142
Newton 2-23-141-1,1,17,1,13,NA,0.009958374,-6.790298855,-1.405464348
Newton 2-23-15-1,1,24,1,13,NA,-4.764739977,-0.870077154,-3.880761891
Newton 2-23-151-1,1,24,1,13,-5.308334426,1.290389585,-2.909649197,-0.285508158
Newton 2-23-156-1,1,26,1,13,5.178874262,-3.748265949,1.281673048,2.857408727
Newton 2-23-167-1,1,17,1,13,NA,-1.951935219,1.159550829,-4.490654027
Newton 2-23-175-1,1,14,2,13,NA,-1.133185645,-1.195396581,0.475902448
Newton 2-23-183-1,1,16,1,13,NA,-2.164815296,-1.606640421,3.438722511
Newton 2-23-185-1,1,19,2,13,NA,-2.668526413,-2.076702992,-1.45661141
Newton 2-23-198-1,1,18,1,13,NA,-7.284400944,-2.449653293,3.457946795
Newton 2-23-200-2,1,15,2,13,NA,5.322946881,-4.045147259,-1.800046812
Newton 2-23-201-1,1,18,2,13,NA,0.834664633,0.959083272,0.401362645
Newton 2-23-204-1,1,18,2,13,NA,4.124044649,-1.205463248,-5.196776292
Newton 2-23-210-1,1,17,1,13,NA,-1.923893145,0.278244417,-1.40875442
Newton 2-23-215-1,1,15,1,13,NA,-0.407800994,-2.055448469,-3.299475284
Newton 2-23-216-1,1,17,1,13,NA,2.967177512,-0.788368247,-2.936788421
Newton 2-23-217-1,1,28,1,13,NA,-8.917876165,1.204302254,-0.379820632
Newton 2-23-218-1,1,29,2,13,NA,-3.150810627,-0.527354044,-1.331775753
Newton 2-23-219-1,1,23,1,13,NA,3.650512915,-0.246421377,0.573171093
Newton 2-23-220-1,1,23,2,13,NA,-2.808701686,NA,3.071037346
Newton 2-23-224-1,1,16,2,13,2.599498116,0.147852854,-1.663973296,0.485256516
Newton 2-23-227-1,1,15,1,13,NA,1.349317232,-2.234511705,-0.148731065
Newton 2-23-228-1,1,13,1,13,NA,-1.47756752,-0.451496298,-0.769740607
Newton 2-23-229-1,1,16,2,13,NA,2.125423212,NA,2.343230571
Newton 2-23-235-1,1,16,1,13,NA,0.317968548,0.556420243,-3.353912418
Newton 2-23-236-1,1,18,1,13,NA,-0.344441866,0.199265162,0.710463581
Newton 2-23-241-1,1,17,2,13,NA,-6.721058409,NA,-2.956039882
Newton 2-23-244-1,1,18,2,13,NA,-1.495003523,NA,3.075184441
Newton 2-23-245-1,1,17,1,13,NA,-0.785711411,-2.544035912,2.231918191
Newton 2-23-247-1,1,23,2,13,NA,-1.940588274,NA,-2.378043347
Newton 2-23-248-1,1,14,2,13,NA,1.57527814,NA,1.662237207
Newton 2-23-249-1,1,15,1,13,NA,2.800492042,NA,0.350397078
Newton 2-23-253-1,1,14,1,13,NA,-2.382595806,-1.87474958,0.305132517
Newton 2-23-256-1,1,15,1,13,NA,3.952751278,-0.292443789,0.093294411
Newton 2-23-257-1,1,15,2,13,NA,1.217457779,-2.309248262,-0.46478095
Newton 2-23-258-1,1,23,2,13,0.880164144,0.533631569,NA,8.065683956
Newton 2-23-263-1,1,18,1,13,NA,-1.502915481,NA,5.539239351
Newton 2-23-266-1,1,14,2,13,NA,5.328618934,-1.278591343,-2.956039882
Newton 2-23-272-1,1,16,1,13,-4.865234095,2.317483444,-1.613977437,-1.749750957
Newton 2-23-274-1,1,17,1,13,NA,2.821135623,-4.131313733,2.006556808
Newton 2-23-276-1,1,16,2,13,NA,-0.603370179,-2.451139149,0.777544855
Newton 2-23-278-1,1,17,1,13,NA,-4.477618659,NA,-1.707106756
Newton 2-23-279-1,1,18,1,13,NA,3.008158558,-2.190731672,0.5892868
Newton 2-23-286-1,1,24,2,13,NA,2.741959958,-1.910313468,-4.112032952
Newton 2-23-287-1,1,16,1,13,NA,-2.723464815,-0.495883057,-3.642910686
Newton 2-23-290-1,1,20,1,13,NA,-15.11534856,-2.851195133,-1.042777485
Newton 2-23-291-1,1,19,2,13,NA,0.286266206,-1.731250231,-4.329781489
Newton 2-23-310-1,1,18,2,13,NA,1.927592177,-3.084861593,-3.24503815
Newton 2-23-56-1,1,18,1,13,NA,-2.334381014,0.273637053,-5.196776292
Newton 2-23-69-2,1,19,1,13,NA,-1.789701793,NA,0.66729817
Newton 2-23-75-1,1,18,1,13,NA,-4.728161524,-0.798070248,-2.147441998
Newton 2-23-84-1,1,14,1,13,-8.583600888,-1.177516947,-0.596116836,-3.880761891
Newton 2-23-86-2,1,17,2,13,NA,2.737758575,-0.23635471,-3.69734782
Newton 2-23-92-2,1,15,1,13,NA,1.941347708,0.951746257,1.853999821
NHSEA-0-117-4,1,21,2,8,-7.130003372,0.649884353,NA,-2.272459151
NHSEA-0-217-2,1,17,1,8,4.527585527,-2.383763199,NA,-0.680090623
NHSEA-0-222-3,1,20,1,8,NA,-1.751974525,3.328704713,0.749120821
NHSEA-0-299-4,1,20,1,8,1.401014849,-2.916886204,NA,-2.721297254
NHSEA-0-301-4,1,24,1,8,4.762864689,4.049015806,4.10853355,4.461076155
Northeast-20-1-2,1,17,1,14,NA,0.624888229,2.294926285,-1.472545622
Northeast-20-10-3,1,24,2,14,-2.97720487,NA,NA,2.798127608
Northeast-20-100-2,1,17,1,14,2.243073833,1.730463079,NA,8.741283036
Northeast-20-119-2,1,17,2,14,-1.082801311,-1.60693861,NA,4.504241566
Northeast-20-123-2,1,22,2,14,-3.553557374,0.074541562,NA,-0.195034144
Northeast-20-130-3,1,20,2,14,-5.709360291,-2.205938817,NA,-2.378043347
Northeast-20-144-2,1,18,1,14,-0.613930504,-0.80019751,1.992132368,3.22670291
Northeast-20-156-2,1,15,1,14,2.30837088,2.183425062,2.508582017,-0.14059701
Northeast-20-162-3,1,15,1,14,NA,NA,NA,5.419066182
Northeast-20-18-3,1,21,1,14,1.498426732,-0.526628067,NA,3.470618112
Northeast-20-196-2,1,15,1,14,1.824208381,-2.330645473,2.587411475,2.084205188
Northeast-20-211-2,1,21,1,14,3.917827181,-2.846743931,NA,2.881867162
Northeast-20-218-2,1,19,2,14,NA,1.10662574,0.978487273,-2.956039882
Northeast-20-222-2,1,19,1,14,-1.827756398,-0.736434959,-4.439352083,1.338755971
Northeast-20-226-2,1,19,1,14,0.583856766,2.898319708,4.936872391,-2.884790151
Northeast-20-228-2,1,20,1,14,3.165996121,2.876853842,-0.872806805,1.920224073
Northeast-20-231-2,1,17,2,14,-3.685092054,0.251892061,1.829443887,-2.779205955
Northeast-20-243-2,1,21,1,14,0.176638461,0.200133221,0.456063858,2.654770372
Northeast-20-25-2,1,16,2,14,NA,-0.493461904,NA,7.377411645
Northeast-20-268-2,1,18,2,14,-1.16042904,-7.220686633,NA,5.191112369
Northeast-20-269-2,1,17,1,14,3.098939846,-5.752808889,-3.421491482,6.741660726
Northeast-20-270-2,1,19,1,14,-3.825068282,-0.788637628,NA,-1.694462616
Northeast-20-279-2,1,20,1,14,2.994752974,4.359337262,NA,4.462448572
Northeast-20-284-2,1,18,2,14,2.765501871,2.815828672,1.392338159,-1.116466081
Northeast-20-292-1,1,22,1,14,1.17440431,4.693806941,3.665576662,-2.069793619
Northeast-20-294-2,1,20,2,14,NA,6.472930318,4.958883438,-2.612422985
Northeast-20-296-2,1,19,1,14,-1.636239218,1.037100499,NA,1.637805949
Northeast-20-297-2,1,15,1,14,-1.170755905,-1.304920575,NA,8.026845221
Northeast-20-298-2,1,18,2,14,-2.728519334,2.660452009,NA,-4.040783222
Northeast-20-300-2,1,16,1,14,0.422725169,-7.102486022,NA,6.792834966
Northeast-20-303-1,1,21,1,14,0.351872429,0.711914875,NA,2.818932982
Northeast-20-306-1,1,17,1,14,4.551820406,-1.185062176,NA,4.684338388
Northeast-20-308-1,1,14,1,14,4.967133982,2.615461074,NA,6.483701038
Northeast-20-35-2,1,20,2,14,-1.917254904,-3.249235709,1.082449287,0.241341314
Northeast-20-64-2,1,15,1,14,-0.246770386,-1.474420919,NA,5.913168846
Northeast-20-97-2,1,15,2,14,-1.189219777,-4.834169973,1.631491113,3.122338726
Northeast-25-25-1,1,15,2,14,1.800762168,1.443735318,1.250324667,0.565525255
Northeast-25-26-1,1,15,2,14,2.408913207,2.327290293,1.065410271,2.408389128
Northeast-25-7-1,1,19,2,14,-1.161749322,-6.243781003,NA,6.757622116
Olympic-12-58-1,1,17,1,15,-1.756156727,3.082354804,1.59156192,-3.010477016
Olympic-12-61-1,1,16,1,15,1.588397604,0.70392064,0.864335987,2.116127966
Pacific-18-113-1,1,16,1,16,1.337387804,0.909043973,0.198900496,3.220095589
Pacific-18-114-1,1,18,1,16,0.19378205,-0.38943053,0.104517878,2.58766192
Pacific-18-232-2,1,17,1,16,3.374973191,1.068080701,-1.82451166,-0.597750664
Pacific-18-236-1,1,18,1,16,NA,4.769749446,NA,-2.268806089
Pacific-18-245-1,1,14,1,16,2.7724622,1.102038457,0.649559066,-2.775915883
Rampart 1-12-391-2,1,18,1,17,-3.743100011,-1.766540179,-1.390377644,1.178707463
Rampart 1-12-423-2,1,15,1,17,-0.07578429,2.882702524,NA,7.542639949
Rampart 1-12-480-2,1,15,2,17,4.392317076,-2.190025774,NA,0.976920316
Rampart 1-12-518-1,1,17,1,17,-8.583600888,0.52034793,NA,6.42198687
Rampart 1-12-530-1,1,18,2,17,NA,2.543232214,NA,1.841691494
Rampart 1-12-531-2,1,18,2,17,-1.094448458,-7.389530441,2.28558895,3.326530993
Rampart 1-12-536-1,1,14,2,17,NA,-2.012250824,NA,-2.667041615
RPARGR-PP-124-2,1,19,2,10,NA,0.693651201,2.010142776,-0.086159875
Southeast 1-22-3-1,1,17,1,19,NA,0.354490104,0.715350145,-0.644053742
Southeast 1-22-31-1,1,17,1,19,NA,6.980736053,-0.580321615,2.819998676
Southeast 1-22-34-1,1,25,1,19,-3.045982082,5.294490457,NA,-4.802193828
Southeast 1-22-44-1,1,17,1,19,NA,3.457537346,NA,-4.040783222
Southeast 1-24-14-1,1,20,2,19,1.743028777,1.909614464,3.558005868,-2.269169079
Southeast 2-20-130-1,1,20,1,20,-0.758555259,6.539546063,NA,-0.590467815
Southeast 2-20-144-1,1,16,1,20,0.963195646,-0.482817079,-0.120325711,1.830392593
Southeast 2-20-150-1,1,18,2,20,NA,4.156226899,-1.132335152,-2.526244568
Southeast 2-20-151-1,1,19,2,20,NA,-2.720796677,NA,-2.956039882
Southeast 2-20-159-1,1,16,2,20,NA,-1.474737341,NA,-0.811506424
Southeast 2-20-174-2,1,16,1,20,NA,1.230230196,1.274700699,-0.175782683
Southeast 2-20-214-1,1,26,1,20,-2.005630929,4.73671584,NA,-2.651080225
Southeast 2-20-216-1,1,22,1,20,NA,3.186531107,NA,-1.277338619
Southeast 2-20-217-1,1,14,1,20,NA,-0.781172962,NA,1.670371263
Southeast 2-20-220-1,1,14,1,20,NA,3.317197816,-0.629073678,-1.912211152
Southeast 2-20-225-1,1,18,1,20,NA,0.961893489,NA,-1.964209422
Southeast 2-20-226-1,1,20,2,20,NA,3.330279445,-0.210492822,-2.07308369
Southeast 2-20-236-2,1,15,1,20,NA,4.583400595,-0.904519852,-0.827467813
Southeast 2-20-283-1,1,18,2,20,NA,-0.060595152,0.62666889,-0.355906682
Southeast 2-20-290-1,1,21,1,20,NA,-2.103913176,NA,-0.426305205
Southeast 2-20-311-2,1,22,1,20,NA,NA,NA,-1.800046812
Southeast 2-20-85-1,1,20,1,20,1.315312808,0.748388576,-0.06150698,-0.747171897
Southeast 3-10-108-1,1,13,2,21,NA,1.179740613,0.88783289,0.800086388
Southeast 3-10-120-1,1,12,1,21,NA,0.759784587,-0.592995327,-1.405464348
Southeast 3-10-127-1,1,15,1,21,NA,-2.063693032,NA,-0.788964891
Southeast 3-10-167-1,1,19,1,21,NA,3.631853441,-3.03883918,-5.485774559
Southeast 3-10-169-1,1,19,1,21,NA,5.174785022,-2.829548752,-5.485774559
Southeast 3-10-170-1,1,22,1,21,NA,3.726212976,-3.876000892,-5.485774559
Southeast 3-10-171-1,1,24,1,21,NA,4.187209188,-4.192862114,-5.485774559
Southeast 3-10-173-1,1,18,1,21,NA,6.042993266,-3.433044005,-5.485774559
Southwest 1-15-238-1,1,22,1,22,NA,4.516792682,3.148247884,-2.272459151
Southwest 1-15-270-2,1,20,1,22,NA,5.697018515,1.893749111,-2.143482214
Southwest 1-15-271-2,1,20,2,22,NA,5.041909493,2.511553728,-0.878614875
Southwest 1-15-280-1,1,35,1,22,-3.7816226,1.609836746,NA,1.159664674
Southwest 1-15-288-2,1,21,2,22,NA,3.587105932,0.705648145,-1.986750955
Southwest 1-15-289-1,1,23,2,22,4.062798211,3.452257814,4.254033217,3.088679788
Southwest 1-15-296-2,1,17,2,22,1.882473389,4.984342379,1.512582665,1.217210385
Southwest 1-15-302-2,1,19,1,22,-5.448310653,1.344944742,-1.522324469,0.156047096
Southwest 1-15-311-2,1,14,1,22,NA,6.898061125,1.829443887,0.562235183
Southwest 1-15-312-1,1,17,1,22,1.378509222,0.225910606,3.028003378,5.003190127
Southwest 1-15-320-2,1,17,1,22,NA,-1.217960129,-0.240720014,5.85544164
Southwest 1-15-342-1,1,19,2,22,1.991971363,-0.675949046,NA,9.809543776
Southwest 1-15-349-2,1,19,2,22,NA,0.810956112,NA,1.522170042
Southwest 1-15-355-2,1,18,2,22,NA,NA,NA,4.649152715
Southwest 1-15-366-2,1,16,2,22,NA,0.884536027,NA,7.84254695
Southwest 1-15-370-2,1,16,1,22,2.328336928,-0.107634537,2.035397938,3.915463439
Southwest 1-15-374-2,1,26,1,22,NA,-3.278011834,NA,10.53160025
Southwest 1-15-377-2,1,18,1,22,1.880621491,0.437055585,NA,-2.272459151
Southwest 1-15-381-2,1,20,1,22,NA,-0.356734585,NA,-5.196776292
Southwest 1-15-384-2,1,22,1,22,NA,NA,2.229499871,0.366176972
Southwest 1-15-387-2,1,21,1,22,-0.536302775,0.038292316,NA,-5.485774559
Southwest 1-15-390-2,1,19,1,22,NA,-0.080064538,NA,4.177591584
Southwest 1-15-393-2,1,16,2,22,NA,1.424642117,-0.371031187,4.141527526
Southwest 1-15-397-2,1,16,2,22,NA,2.585214307,-0.702201774,1.849644054
Southwest 1-15-398-2,1,24,2,22,2.746599053,1.883556707,NA,1.205604763
Southwest 1-15-402-2,1,22,2,22,NA,1.289293706,NA,-4.564342622
Southwest 2-23-10-1,1,21,2,23,-1.613948906,-0.414457529,NA,5.31195525
Southwest 2-23-100-1,1,16,1,23,NA,2.107177885,-1.145158661,-0.238535368
Southwest 2-23-101-1,1,20,2,23,NA,-0.178545901,1.908058476,-1.983460883
Southwest 2-23-102-1,1,17,1,23,NA,2.736997288,NA,-3.302765356
Southwest 2-23-104-1,1,17,1,23,NA,0.915247451,NA,0.167652719
Southwest 2-23-107-1,1,16,1,23,NA,1.853317175,NA,-1.129110221
Southwest 2-23-109-1,1,18,2,23,NA,-2.331465284,-1.3630299,2.568410459
Southwest 2-23-112-1,1,18,1,23,NA,2.855806013,NA,-0.070198486
Southwest 2-23-113-1,1,14,1,23,NA,-0.28832847,-5.217695065,-1.963358215
Southwest 2-23-114-1,1,16,2,23,NA,0.869046224,NA,-3.408349552
Southwest 2-23-115-1,1,19,2,23,NA,2.892992167,NA,-2.956039882
Southwest 2-23-122-1,1,17,1,23,0.650031705,-0.377072023,NA,-0.66415641
Southwest 2-23-124-1,1,15,2,23,NA,-6.062898416,-1.850373548,1.721518325
Southwest 2-23-125-1,1,17,1,23,NA,0.433934777,-0.051440314,1.900791117
Southwest 2-23-125-2,1,18,1,23,NA,-1.266288562,-0.313698312,-2.378043347
Southwest 2-23-126-1,1,16,2,23,NA,-0.739315593,0.701040781,-3.814537639
Southwest 2-23-128-2,1,16,2,23,NA,-1.931774201,NA,1.038487894
Southwest 2-23-129-1,1,16,1,23,NA,-0.015857149,-1.672796167,-2.08904508
Southwest 2-23-135-2,1,16,1,23,NA,-0.675348378,0.038726798,-2.378043347
Southwest 2-23-138-1,1,17,2,23,NA,2.470394854,-1.714575881,-1.925552182
Southwest 2-23-139-1,1,18,1,23,NA,-6.678345517,-1.549430152,-5.196776292
Southwest 2-23-143-2,1,16,1,23,NA,1.365511838,-1.457654579,1.761059765
Southwest 2-23-158-1,1,23,2,23,NA,-2.506558127,-2.072852151,-2.612604481
Southwest 2-23-160-1,1,15,1,23,NA,-0.028131312,NA,3.400219589
Southwest 2-23-161-1,1,14,2,23,NA,-5.137159136,-1.942026515,3.002347053
Southwest 2-23-169-1,1,19,1,23,NA,0.444030838,-1.1640482,1.522170042
Southwest 2-23-172-1,1,16,1,23,NA,NA,NA,NA
Southwest 2-23-174-1,1,17,1,23,NA,NA,NA,5.438317643
Southwest 2-23-176-1,1,16,2,23,NA,NA,NA,-1.62077402
Southwest 2-23-177-1,1,19,1,23,NA,1.073696682,NA,2.271123818
Southwest 2-23-178-1,1,19,1,23,NA,-0.809128862,-0.392677567,0.292488377
Southwest 2-23-179-1,1,23,2,23,NA,-7.375639075,NA,-2.151797765
Southwest 2-23-181-1,1,18,1,23,NA,-2.683017851,NA,-2.272459151
Southwest 2-23-183-1,1,17,1,23,3.851939269,-1.555494545,NA,4.392231544
Southwest 2-23-184-1,1,17,1,23,NA,-2.775275559,NA,2.529934714
Southwest 2-23-192-1,1,17,1,23,NA,-1.084846514,NA,4.427235722
Southwest 2-23-193-1,1,16,2,23,NA,-0.754207412,-1.248364151,-1.835232485
Southwest 2-23-202-1,1,17,1,23,2.532914207,6.554152124,NA,2.560122085
Southwest 2-23-219-1,1,15,1,23,NA,-0.793973028,-2.072852151,-2.08904508
Southwest 2-23-222-1,1,16,1,23,NA,-3.847147692,-1.165169389,-2.667041615
Southwest 2-23-34-2,1,17,2,23,NA,-6.443829496,NA,-1.511048545
Southwest 2-23-35-3,1,18,2,23,NA,2.22288335,NA,-2.092335151
Southwest 2-23-48-2,1,16,2,23,NA,-0.738669755,NA,-1.800046812
Southwest 2-23-52-2,1,17,1,23,NA,-3.192966071,NA,-2.956039882
Southwest 2-23-55-2,1,15,1,23,NA,-3.563919167,NA,-2.378043347
Southwest 2-23-58-2,1,15,1,23,NA,-0.008353722,NA,-1.119756152
Southwest 2-23-60-2,1,15,2,23,NA,NA,NA,NA
Southwest 2-23-61-2,1,16,2,23,NA,0.448895635,NA,0.273236916
Southwest 2-23-65-2,1,16,2,23,NA,-3.476149012,-1.774515801,-2.378043347
Southwest 2-23-67-2,1,22,2,23,NA,NA,NA,-1.312524292
Southwest 2-23-75-1,1,16,1,23,NA,3.405218246,NA,-3.588473551
Southwest 2-23-76-1,1,14,1,23,NA,-0.276053893,0.907601557,-3.353912418
Southwest 2-23-77-2,1,13,2,23,NA,2.457543268,NA,-3.591763623
Southwest 2-23-80-1,1,19,1,23,NA,0.77243169,NA,-2.775915883
Southwest 2-23-81-1,1,16,2,23,NA,3.198716237,NA,-3.064914151
Southwest 2-23-82-1,1,14,1,23,0.815124147,-5.348784435,NA,1.713202774
Southwest 2-23-83-1,1,18,1,23,NA,-0.978963589,NA,-2.323606213
Southwest 2-23-90-2,1,18,2,23,NA,-1.922064041,-1.732736087,-2.956039882
Southwest 2-23-91-2,1,21,2,23,1.162972478,-0.445661618,2.821077935,-1.800046812
Southwest 2-23-92-1,1,17,1,23,7.1229369,-6.420268973,NA,5.043916674
Southwest 2-23-93-1,1,17,1,23,NA,4.781521024,NA,-2.069793619
Southwest 2-23-97-1,1,14,1,23,NA,3.889864638,NA,0.800086388
Southwest 2-23-97-2,1,16,1,23,NA,-2.506558127,-2.072852151,-2.612604481
SSSEARE-0-86-1,1,16,1,999,1.106027753,0.29809347,NA,3.122493044
Valley-92-1-1,1,18,1,999,NA,6.989233082,-3.313920688,-0.379820632
Valley-92-16-1,1,17,1,999,NA,6.097556464,NA,1.803188571
Valley-92-32-1,1,18,1,999,1.606511755,1.908853772,NA,2.595825066
Valley-92-33-1,1,17,1,999,NA,-0.003460504,-2.98587161,2.041039777
Valley-92-35-1,1,18,1,999,NA,5.486202358,-1.258430818,0.190041847
Valley-92-42-1,1,18,1,999,NA,0.983807126,NA,1.861097273
Valley-92-46-1,1,16,1,999,NA,1.767434466,1.698768048,7.815161433
Valley-92-49-1,1,17,1,999,NA,NA,NA,-1.925552182
Valley-92-50-1,1,17,1,999,NA,1.00896112,2.136752905,9.423491351
Valley-92-52-1,1,17,1,999,NA,NA,NA,0.650667068
Valley-92-7-1,1,18,1,999,NA,-2.11668789,-0.580686281,3.399028666
VMVHF-0-62-2,1,16,1,16,0.189698559,-3.259561429,-0.092855362,-1.45661141
