"ID","admin","age","sex","zone","gang","family","other","risk"
"Southeast 3-10-24-1",1,NA,2,21,NA,6.626468371,-0.225166853,-2.651080225
"Southeast 3-10-18-1",1,25,1,21,-8.583600888,6.626468371,-0.225166853,-2.07308369
"Southeast 3-10-17-1",1,24,2,21,-8.583600888,6.626468371,1.413228016,-1.42139856
"Southeast 3-10-19-1",1,24,2,21,-8.583600888,6.626468371,-6.790298855,-2.724768821
"77th 3-20-146-1",1,19,2,3,NA,3.851879263,-2.200191613,-4.907778024
"Foothill-14-192-1",1,20,2,5,0.910806778,-5.045979164,NA,7.027396099
"Newton 1-17-66-1",1,16,1,12,2.77227686,-4.107233268,-1.63411077,4.570286236
"77th 2-13-1301-1",1,17,2,2,NA,4.143221572,NA,4.138237454
"Harbor-21-127-1",1,20,1,6,3.082492252,1.23381339,0.321145321,6.446082315
"NHSEA-0-218-3",1,16,1,8,NA,3.884276719,1.593926906,-3.010477016
"Hollywood-12-35-1",1,15,2,10,0.762478228,-5.254223305,-4.132557528,8.732967485
"Harbor-21-128-1",1,20,1,6,1.657398446,3.154308037,0.7512787,0.960958926
"RPARGR-PP-15-2",1,17,2,10,1.998286448,-3.151063532,0.038726798,5.460859176
"Hollywood-12-34-1",1,14,2,10,0.605522792,3.204718092,2.35611,9.431806901
"Hollywood-12-36-1",1,25,1,10,4.38066993,-6.946338355,-2.33511015,8.674174584
"Southeast 1-22-17-1",1,18,1,19,NA,4.564202487,-1.901855263,-4.329781489
"Southwest 2-23-39-1",1,18,2,23,NA,0.305589451,NA,1.014726348
"Northeast-20-57-2",1,24,1,14,-6.286286145,6.455070479,3.782849457,-4.907778024
"BVCB-0-140-2",1,19,1,22,NA,NA,NA,NA
"Southeast 1-22-33-1",1,17,1,19,NA,4.24577962,-3.949128988,4.043436764
"Southwest 1-15-244-2",1,30,1,22,NA,3.226718702,1.810554349,-2.667041615
"Hollenbeck 1-20-4-2",1,21,1,7,NA,-1.509407345,NA,-2.378043347
"Olympic-12-29-1",1,14,2,15,0.464850568,-1.915291595,0.328482337,4.176713199
"Foothill-14-227-1",1,19,1,5,NA,-3.132922543,NA,6.37068549
"77th 3-20-92-1",1,17,2,3,NA,-0.541185475,-0.012754917,-1.983460883
"Southeast 1-22-23-1",1,17,1,19,5.178874262,1.345223026,NA,12.10596451
"77th 3-20-39-2",1,17,1,3,NA,NA,NA,NA
"Northeast-20-12-2",1,18,2,14,3.094671015,-1.46490207,4.109412679,8.752554759
"Southeast 1-22-15-1",1,18,2,19,NA,-7.804256387,NA,-0.028069679
"Foothill-14-219-1",1,18,2,5,-7.752973736,NA,NA,1.432520057
"Southeast 1-22-27-1",1,19,2,19,-5.425324345,2.311174233,NA,0.507798049
"Northeast-20-98-2",1,15,2,14,-0.063441147,-0.89954775,0.95362397,5.874693101
"Southeast 1-22-24-1",1,19,2,19,-1.269610715,-3.282355902,NA,-0.102094087
"Southeast 1-22-19-1",1,15,1,19,NA,5.136252951,-3.455934181,-2.838668568
"Mission-19-96-1",1,19,1,11,2.958082282,-5.898304258,-1.540849341,5.817120213
"Hollenbeck 2-20-30-2",1,16,1,8,0.707765096,2.5805124,1.559848873,2.721878823
"Southeast 1-22-36-1",1,25,1,19,NA,-4.129689694,0.430201971,-4.392534174
"Hollenbeck 1-20-2-2",1,16,1,7,NA,0.796804395,NA,-3.69734782
"Southeast 1-22-32-1",1,18,1,19,NA,NA,NA,2.485396886
"Northeast-20-56-2",1,16,2,14,NA,-2.735885329,1.523920319,2.533224786
"Southeast 1-22-12-1",1,25,2,19,NA,0.998249912,2.857885618,-3.986346087
"Southeast 2-20-157-1",1,18,2,20,NA,-2.883290866,-0.146187598,0.222089853
"Harbor-21-137-1",1,17,1,6,-2.254501805,3.703929724,NA,-2.034607945
"77th 1-16-25-1",1,17,2,1,NA,2.993826431,NA,-4.834089429
"Hollenbeck 2-20-9-2",1,17,1,8,2.806458908,-0.095485302,NA,-5.196776292
"Northeast-20-61-2",1,16,1,14,-2.507363502,1.616770197,NA,1.499628509
"Foothill-14-224-1",1,24,1,5,0.538926422,4.282638396,NA,0.49183666
"Southeast 2-20-158-1",1,18,2,20,NA,-2.896729948,NA,0.870484912
"77th 1-16-97-1",1,15,1,1,NA,0.971931209,0.686366749,-4.112032952
"Harbor-21-134-1",1,16,2,6,0.04840205,-0.558427098,-0.47002117,-2.667041615
"FGSEARE-0-35-1",1,18,1,999,1.868974344,-0.285054488,0.164822464,2.15009554
"77th 1-16-34-1",1,19,1,1,1.154877207,-0.340598321,NA,5.887337241
"Newton 2-23-95-1",1,14,2,13,NA,-4.588045005,-1.439129707,-5.485774559
"Northeast-20-83-2",1,18,1,14,NA,3.670531247,-1.305697026,-2.775915883
"Northeast-20-13-2",1,17,2,14,-5.733759551,-2.963317861,-2.151439549,3.287204041
"Northeast-20-10-2",1,22,2,14,0.393343567,0.711907639,NA,2.205905091
"77th 1-16-40-1",1,19,2,1,-1.157952858,-1.950319437,0.656896081,6.456163116
"77th 3-20-30-1",1,16,1,3,NA,0.773598669,NA,-2.326896285
"Northeast-20-90-2",1,16,2,14,0.840105957,2.534859937,2.319302317,5.168570837
"FGSEARE-0-37-1",1,18,1,999,2.799899234,-0.514608665,1.976943873,2.255498242
"Southeast 1-22-40-1",1,18,1,19,-6.868350407,5.774993808,3.206459888,-1.222050277
"77th 1-16-51-1",1,17,1,1,NA,1.027784255,-1.461140754,-3.642910686
"77th 1-16-9-1",1,20,1,1,3.650125199,-3.861090753,NA,5.831346195
"Southeast 1-22-18-1",1,18,2,19,-1.49626299,3.817661157,NA,1.502040196
"Southeast 1-22-7-1",1,19,1,19,-1.772296335,1.874127101,NA,-2.830353017
"Southeast 1-22-8-1",1,15,2,19,2.398341752,3.620792822,NA,-3.986346087
"NHSEA-0-323-3",1,18,1,7,-0.035726104,1.925528901,NA,3.180401745
"RPARGR-PP-17-3",1,19,1,10,-0.783321754,0.982499345,2.134752587,2.064953727
"Newton 2-23-88-1",1,15,1,13,NA,4.353373957,-5.534556287,2.818230277
"Hollenbeck 2-20-27-2",1,16,2,8,NA,3.6686129,NA,-2.70551736
"Mission-19-92-1",1,23,1,11,-0.451499584,-3.662038315,1.859306413,6.857868296
"Hollenbeck 1-20-27-2",1,17,1,7,-0.990978542,2.446607192,NA,1.140231718
"BVCB-0-213-2",1,18,1,22,-6.283645582,1.135245027,NA,-2.272459151
"77th 1-16-57-1",1,19,2,1,-6.480034919,-2.217126151,0.088964717,-2.956039882
"77th 1-16-56-1",1,17,2,1,4.290003061,-7.972428124,2.251510918,-3.986346087
"Newton 1-17-92-1",1,18,2,12,NA,2.083306089,NA,-2.034607945
"Southeast 1-22-5-1",1,21,2,19,-6.408270868,0.039998553,NA,0.113215585
"Northeast-20-161-1",1,19,2,14,-4.943211545,0.442738721,NA,2.194326646
"Newton 1-17-85-1",1,17,2,12,NA,1.589565124,NA,-2.667041615
"77th 3-20-106-1",1,15,2,3,NA,NA,-3.34414788,-0.054237097
"Hollenbeck 1-20-22-2",1,20,1,7,2.489468526,-0.928670426,NA,-2.54135475
"Southwest 1-15-254-1",1,27,1,22,-5.821275199,-2.023975628,-1.721912897,1.811504122
"Newton 1-17-76-1",1,17,2,12,NA,-3.071202882,NA,0.386252463
"Southwest 1-15-255-1",1,23,2,22,-7.256665895,-2.692281316,NA,1.639514179
"77th 3-20-87-1",1,16,2,3,1.183123866,2.400203956,-1.959430197,5.983903182
"Newton 2-23-92-1",1,13,1,13,NA,NA,-0.126418931,-5.196776292
"77th 3-20-69-1",1,17,2,3,NA,-3.263713976,-6.790298855,-0.429595277
"Hollenbeck 2-20-1-2",1,22,2,8,NA,-3.747272347,NA,-1.74889975
"Olympic-12-50-1",1,16,2,15,2.372938511,6.935121755,3.841303521,2.760354568
"Southeast 2-20-43-1",1,20,1,20,-0.008728015,-2.95090003,0.788478241,-0.121345549
"Southeast 2-20-54-1",1,20,2,20,-0.008728015,NA,0.788478241,0.908960657
"Newton 2-23-73-1",1,25,1,13,NA,-5.604087366,NA,-4.907778024
"Harbor-21-125-1",1,26,1,6,3.144144755,-0.252194673,NA,8.401137706
"77th 1-16-37-2",1,17,2,1,NA,-4.511883357,0.05725167,2.266795229
"77th 3-20-108-1",1,17,2,3,NA,3.515974599,NA,-3.353912418
"Newton 2-23-53-1",1,16,1,13,NA,-0.913333383,NA,-5.196776292
"Newton 2-23-37-1",1,17,1,13,NA,-1.938853589,NA,-5.196776292
"SSSEARE-0-39-1",1,17,1,999,NA,7.171901433,3.028882507,-2.214368955
"Newton 1-17-93-1",1,25,1,12,NA,-6.19694631,NA,0.042817061
"FGSEARE-0-24-1",1,17,1,999,-2.099706252,3.411335138,5.087344089,-4.275344355
"Newton 2-23-61-1",1,15,1,13,NA,1.172094528,0.139325242,-2.83102273
"CPHBRE-0-55-1",1,17,1,999,3.586456419,1.814619375,NA,5.246066812
"FGSEARE-0-34-1",1,18,1,999,NA,-1.660161656,NA,4.547563208
"Newton 2-23-66-1",1,15,1,13,NA,-0.784589602,1.159550829,-4.490654027
"FGSEARE-0-38-1",1,18,2,999,NA,1.218831942,3.465109106,-1.351027214
"Harbor-21-136-1",1,14,1,6,2.534673435,2.456396493,-3.611013243,8.010883832
"Newton 2-23-4-1",1,18,1,13,-8.583600888,-0.411016221,-0.805407264,-3.86151043
"BHSEA-2-143-2",1,16,1,8,1.955773037,1.867517545,-3.271019784,-0.636407904
"Newton 1-17-95-1",1,16,1,12,NA,4.070952303,2.866343824,-3.173788419
"Southwest 2-23-54-1",1,20,1,23,NA,1.374026801,2.647716061,4.11901317
"77th 1-16-16-1",1,17,2,1,NA,NA,2.16795149,-2.08904508
"77th 1-16-10-1",1,17,2,1,-5.09599082,0.503951912,2.429238096,1.843063911
"77th 1-16-17-1",1,18,2,1,0.804316602,-2.190873235,-4.191618319,-3.877471819
"Devonshire-Topanga-11-25-2",1,19,1,4,NA,4.959081391,3.5823819,-1.511048545
"Harbor-21-126-1",1,16,1,6,-8.583600888,-10.14847371,2.696832791,-4.040783222
"Newton 2-23-103-1",1,18,1,13,NA,2.246786847,1.003227971,-4.907778024
"Harbor-21-139-1",1,16,2,6,2.161269943,0.017944777,1.519919681,3.013618776
"77th 2-13-1302-1",1,17,1,2,NA,3.527339504,NA,2.771075991
"Southwest 1-15-256-1",1,30,1,22,-0.694414113,1.970315143,NA,-0.718566367
"77th 1-16-13-1",1,18,2,1,-1.411949497,NA,-1.097892454,-4.618779757
"Harbor-21-140-2",1,25,1,6,0.70716177,0.901867692,NA,-2.272459151
"77th 1-16-46-1",1,17,1,1,1.503134508,6.695693729,NA,-5.142339157
"Devonshire-Topanga-11-8-1",1,20,2,4,NA,0.643221355,-0.00853941,-3.877471819
"77th 2-13-1297-1",1,23,2,2,NA,NA,NA,NA
"Southwest 1-15-247-1",1,16,1,22,NA,0.632670353,NA,-3.69734782
"Southwest 1-15-246-1",1,18,2,22,NA,NA,NA,-3.010477016
"77th 2-13-1308-1",1,17,1,2,-1.640946994,1.692786917,-1.034466359,1.951938179
"77th 2-13-1307-1",1,16,2,2,NA,2.300634342,-1.853103199,0.475902448
"Hollenbeck 2-20-56-2",1,17,1,8,NA,-1.322568899,1.231435129,3.775577769
"Newton 1-17-100-1",1,15,2,12,NA,-3.831565713,0.857363638,-2.08904508
"Hollenbeck 1-20-50-2",1,18,1,7,-5.630289635,-4.297619427,NA,-4.545091161
"CPHBRE-0-54-1",1,19,1,999,-0.662063003,-1.869534225,-1.23954128,-1.238862874
"Newton 2-23-104-1",1,17,1,13,NA,-0.030672252,-0.562038803,-5.196776292
"Harbor-21-138-1",1,14,1,6,3.605544576,5.021796924,2.178018156,0.18690418
"Mission-19-38-1",1,19,1,11,NA,1.288879586,NA,-1.116954298
"77th 1-16-54-1",1,17,2,1,NA,NA,-1.166413185,-4.150508697
"Mission-19-82-1",1,15,2,11,NA,-4.174078076,0.694824955,-0.628092353
"Mission-19-20-2",1,25,1,11,NA,-0.176405937,-3.713976672,-0.670736554
"77th 1-16-49-1",1,17,2,1,NA,-5.441420185,-2.214500977,-1.186837427
"77th 1-16-15-1",1,18,1,1,NA,0.596594898,-1.074760217,NA
"Mission-19-53-1",1,14,1,11,4.667030139,3.162214885,NA,4.103051781
"77th 1-16-58-1",1,17,2,1,NA,-0.116399748,-1.147888313,1.682191373
"77th 3-20-59-2",1,14,1,3,NA,-2.025140133,-0.296659296,0.675277908
"Southeast 1-22-45-1",1,17,1,19,NA,NA,0.101031703,-2.909555309
"Mission-19-51-1",1,21,1,11,-2.214004673,0.274762423,NA,11.12805331
"Southwest 1-15-259-1",1,19,1,22,-4.028456239,-2.026729091,NA,1.116317768
"Hollenbeck 2-20-5-2",1,24,1,8,NA,NA,NA,NA
"Devonshire-Topanga-11-7-1",1,21,2,4,NA,-0.597117662,NA,-1.800046812
"Mission-19-13-1",1,19,1,11,NA,0.365828185,NA,-1.728797081
"FGSEARE-0-52-1",1,18,2,999,1.842415202,4.91761964,1.817891365,10.34163322
"FGSEARE-0-55-1",1,17,1,999,NA,1.167315519,1.322331572,1.63485169
"Southeast 1-22-43-1",1,24,1,19,NA,3.427982414,3.032733348,-4.618779757
"Southeast 1-22-29-1",1,17,1,19,NA,-2.263230486,NA,-0.066908414
"Southeast 1-22-22-1",1,17,1,19,NA,5.529561656,4.133788711,-2.510310356
"Southeast 1-22-46-1",1,17,1,19,4.064742779,4.963591391,NA,6.834629873
"Foothill-14-238-1",1,18,1,5,NA,NA,NA,-4.275344355
"Mission-19-58-1",1,24,2,11,NA,0.860202258,NA,-0.711986224
"Mission-19-28-1",1,21,1,11,NA,6.218283355,1.195721443,-1.753562239
"Southwest 1-15-258-1",1,24,1,22,-0.143464851,-1.824244802,NA,0.835453556
"Devonshire-Topanga-11-18-2",1,18,1,4,4.212814278,3.986044436,1.700253904,6.125369941
"Hollenbeck 1-20-49-2",1,16,1,7,NA,1.290450583,-1.037952534,-1.042777485
"Newton 2-23-77-1",1,14,1,13,NA,-1.11204816,-1.135456661,-3.86151043
"Foothill-14-241-1",1,15,2,5,NA,-4.06518379,NA,-0.824177741
"77th 2-13-1311-1",1,19,2,2,2.852452483,5.225126634,2.554819298,0.81519657
"Newton 2-23-26-1",1,17,2,13,NA,0.347881346,-0.320670662,-3.389098091
"Northeast-20-49-2",1,15,1,14,-0.831475212,0.493429358,NA,1.19137878
"Newton 1-17-106-1",1,15,1,12,NA,0.115598882,-1.012090646,-4.618779757
"Southwest 2-23-30-1",1,20,1,23,NA,NA,2.899907393,8.218574843
"Devonshire-Topanga-11-3-2",1,18,1,4,3.320095678,-3.715848289,-0.352748375,-3.155388165
"Devonshire-Topanga-11-4-2",1,18,2,4,-2.438986945,-2.156665617,-1.807472644,2.549186175
"Newton 2-23-67-1",1,19,1,13,NA,-1.995189611,-1.122268485,-5.196776292
"Newton 1-17-108-1",1,14,2,12,-2.810230554,1.926473255,2.36196116,-0.535179474
"Newton 2-23-12-1",1,22,2,13,NA,-1.977783704,NA,-5.142339157
"Southeast 3-10-109-1",1,12,2,21,NA,0.766892011,5.487400073,-1.514338616
"Southwest 1-15-261-1",1,20,2,22,-2.21557856,-0.135840896,NA,-0.57694529
"SSSEARE-0-66-1",1,17,1,999,NA,3.254937223,-5.115975431,1.697604375
"Northeast-20-127-2",1,17,1,14,-1.616180499,3.571904129,NA,0.167652719
"Southwest 1-15-263-1",1,19,1,22,NA,0.050257476,NA,-4.564342622
"Southeast 1-22-9-1",1,16,2,19,NA,3.564834457,2.276401413,-1.010881884
"Newton 1-17-120-1",1,13,1,12,4.794131608,-4.326461725,NA,8.206942043
"Southwest 2-23-57-1",1,23,2,23,NA,-4.31179918,-0.168713108,-4.286949977
"Devonshire-Topanga-11-57-2",1,19,1,4,NA,NA,1.297590875,1.498744309
"Foothill-14-240-1",1,15,1,5,NA,NA,NA,-0.445529489
"Southeast 3-10-66-2",1,18,2,21,NA,1.583100855,3.109347618,3.252018368
"FGCT-0-187-2",1,15,1,2,-4.43312665,0.73229066,-1.388891788,4.043770663
"Devonshire-Topanga-11-64-1",1,16,2,4,NA,0.95871434,-1.188424231,-1.908921081
"Southeast 3-10-111-1",1,26,2,21,NA,-2.636530135,NA,-3.408349552
"Northeast-20-106-2",1,17,1,14,NA,5.594404396,0.042212973,-0.895427472
"Harbor-21-141-1",1,17,1,6,1.450488589,1.554269045,2.361082031,-0.773030679
"Northeast-20-99-2",1,17,1,14,-2.251553256,0.039428604,NA,2.478787652
"77th 3-20-29-1",1,16,1,3,NA,1.069237578,NA,-0.721883616
"Newton 1-17-107-1",1,15,2,12,NA,4.175540455,-0.246421377,-2.721478749
"Devonshire-Topanga-11-54-1",1,19,2,4,NA,-6.185828584,NA,-3.525539371
"FGSEARE-0-41-1",1,17,1,999,NA,-3.267049964,NA,1.388503439
"Devonshire-Topanga-11-9-2",1,18,2,4,NA,-1.581871204,NA,-1.800046812
"CPHBRE-0-56-1",1,18,2,999,3.193618494,-2.014429339,NA,3.281475857
"Devonshire-Topanga-11-52-1",1,18,1,4,2.182425312,0.249764441,-1.482395277,0.22556142
"Devonshire-Topanga-11-12-2",1,20,1,4,-4.092525674,6.745555407,-0.379611998,-1.459901482
"SSSEARE-0-69-1",1,18,1,999,NA,3.873381233,1.324331891,-0.379820632
"FGSEARE-0-54-1",1,16,1,999,1.140905797,0.242904224,1.610086792,8.916047657
"Newton 2-23-97-1",1,14,2,13,NA,NA,NA,-5.196776292
"Newton 2-23-86-1",1,17,2,13,NA,-1.085458977,NA,-5.196776292
"Newton 1-17-118-1",1,15,1,12,NA,3.523860858,NA,-1.45661141
"CPHBRE-0-53-2",1,17,1,999,2.286519514,2.824650164,1.913153113,-0.137306938
"Newton 2-23-101-1",1,14,1,13,NA,-0.731819226,NA,-4.224197292
"Hollenbeck 2-20-48-2",1,19,1,8,NA,4.806769254,1.759072634,6.364441159
"Southeast 1-22-51-1",1,16,1,19,0.108426285,-0.159125581,NA,0.546455289
"BVCB-0-34-4",1,21,2,22,NA,NA,1.094001809,-2.143482214
"Devonshire-Topanga-11-13-1",1,18,1,4,2.239686338,5.785436806,2.329368983,1.77129297
"CPHBRE-0-62-1",1,18,1,999,2.799460288,3.477391421,-1.103593816,-2.386177403
"Hollenbeck 1-20-65-2",1,17,1,7,-0.265069877,0.69691815,-2.617528673,-2.378043347
"Southwest 1-15-276-1",1,15,1,22,NA,NA,2.059409303,-1.167613143
"Southeast 2-20-99-1",1,17,1,20,-0.872360355,-1.241522923,-3.577814339,-0.832311797
"Southwest 1-15-273-1",1,17,1,22,-2.134799611,4.16542646,NA,-0.066908414
"Rampart 1-12-451-1",1,32,1,17,-1.016820729,-1.951984285,NA,-2.272459151
"Newton 1-17-121-1",1,14,1,12,NA,-5.081484643,-1.499192233,1.868868338
"Southeast 3-10-113-1",1,17,1,21,NA,-4.770695836,0.287067289,-0.554403758
"Southwest 1-15-277-1",1,21,1,22,-2.488899631,1.673414836,-0.813988075,-2.67517567
"CPHBRE-0-60-1",1,15,1,999,3.366620869,1.112759766,NA,6.85107948
"Southwest 2-23-62-1",1,23,2,23,-1.122327883,-1.968950252,-0.084247359,0.250695383
"Northeast-20-136-2",1,24,2,14,-5.091671055,-1.976560856,3.958940982,-1.925552182
"Newton 1-17-127-1",1,16,2,12,NA,6.453809081,-1.090555438,-2.667041615
"Foothill-14-276-1",1,13,1,5,NA,NA,NA,4.681048316
"Hollenbeck 1-20-69-2",1,17,2,7,2.511944177,-3.242607806,-2.208649818,-1.800046812
"Olympic-12-27-1",1,16,2,15,2.372938511,6.935121755,3.841303521,2.760354568
"Hollenbeck 2-20-50-2",1,16,1,8,NA,0.880827722,NA,4.221280118
"Hollenbeck 2-20-43-2",1,21,1,8,NA,-3.60797564,NA,1.281028765
"Southeast 2-20-63-1",1,16,2,20,NA,0.15844944,NA,-1.459901482
"Southeast 1-22-54-1",1,18,2,19,NA,-2.994616396,-2.743624339,-0.933903217
"CPHBRE-0-70-1",1,18,1,999,-0.313295046,-1.018818861,NA,6.663309642
"Mission-14-131-1",1,19,1,11,NA,-3.239745491,NA,2.096876505
"Newton 1-17-137-1",1,15,2,12,0.261901557,0.303845077,NA,2.116100789
"Newton 1-17-142-1",1,17,2,12,NA,-0.19460568,3.211067252,-1.448114365
"Southeast 1-22-30-1",1,17,1,19,NA,0.535463146,NA,-3.771887622
"Southwest 2-23-66-1",1,17,1,23,NA,-0.851476625,NA,-1.800046812
"FGSEARE-0-59-1",1,15,2,999,NA,NA,NA,3.992959414
"Harbor-21-155-1",1,21,1,6,2.760098098,2.016527068,NA,1.733338435
"Northeast-20-138-2",1,15,2,14,-1.488442284,-6.250227697,NA,4.700299777
"PCMCIS-0-10-3",1,24,1,11,NA,NA,-1.242635597,-2.983579717
"Pacific-18-101-1",1,18,1,16,NA,NA,NA,-5.196776292
"Hollenbeck 1-20-85-2",1,16,1,7,NA,-1.865398812,0.804396067,5.812121911
"SSSEARE-0-72-1",1,16,2,999,NA,1.83986016,1.752100285,6.272046341
"SSSEARE-0-71-1",1,18,1,999,0.929545214,0.062008283,NA,3.071345982
"Devonshire-Topanga-11-60-2",1,18,2,4,NA,-9.146707605,3.043556538,4.973336656
"Southwest 1-15-264-1",1,20,2,22,NA,-1.732236957,3.314637408,-3.967094626
"Foothill-14-376-1",1,15,2,5,1.850050568,-9.083358578,NA,9.553840704
"Rampart 1-12-414-1",1,16,2,17,NA,-5.614204017,NA,-0.878614875
"Rampart 1-12-474-1",1,16,1,17,4.687088857,-2.484867116,NA,2.630674927
"Olympic-12-12-2",1,28,2,15,-2.908431103,0.672254165,-1.573806184,-2.667041615
"PCMCIS-0-23-2",1,25,1,11,NA,NA,NA,-1.74627939
"Southeast 1-22-56-1",1,14,1,19,0.599587404,NA,NA,NA
"Rampart 1-12-410-1",1,15,2,17,NA,0.824443847,NA,-1.565485679
"Rampart 1-12-231-2",1,18,1,17,3.825380126,5.810249424,-0.144701743,-0.975669034
"77th 2-13-1316-1",1,25,1,2,-1.164820517,-2.386881736,2.319302317,8.329548261
"Rampart 1-12-406-2",1,15,2,17,0.537770521,1.8285027,NA,-3.064914151
"Rampart 1-12-418-1",1,16,1,17,-2.254501805,3.506264235,-1.190789216,3.59545377
"Hollenbeck 2-20-54-2",1,23,1,8,2.593398347,-10.559098,NA,2.057522376
"Southeast 1-22-58-1",1,18,1,19,-4.454978016,6.411045111,-1.735830405,-2.667041615
"Hollenbeck 2-20-65-2",1,19,2,8,NA,NA,NA,NA
"Hollenbeck 2-20-10-2",1,15,2,8,NA,1.497392119,2.977400792,3.650742111
"Hollenbeck 2-20-60-2",1,18,1,8,NA,0.672083058,1.483991127,-3.173788419
"Mission-14-140-1",1,17,1,11,NA,-3.869656408,NA,-5.142339157
"Southwest 2-23-69-1",1,14,1,23,NA,-4.353259949,NA,-1.519364095
"NHSEA-0-362-2",1,19,2,8,NA,-3.374084042,NA,-0.484032411
"Hollenbeck 2-20-57-2",1,17,1,8,3.486373997,2.324138584,NA,1.517661871
"Hollenbeck 2-20-84-2",1,16,1,8,5.669339384,0.334998656,NA,8.378596173
"Hollenbeck 2-20-82-2",1,18,1,8,-0.392774672,-2.910005572,-0.177900646,0.067281312
"Southwest 1-15-287-2",1,18,2,22,0.52958258,0.789801106,1.923611637,6.862866597
"Southwest 1-15-281-2",1,18,2,22,6.148781645,-0.020924753,NA,2.314652219
"Hollenbeck 2-20-38-2",1,16,2,8,NA,3.079782374,NA,-3.642910686
"Hollenbeck 1-20-91-2",1,18,1,7,0.023766516,1.352034619,NA,3.130472782
"Southeast 2-20-125-1",1,21,1,20,-0.004020239,0.255735605,NA,1.213920313
"Southeast 1-22-61-1",1,16,1,19,NA,-4.636049957,NA,-2.994515627
"Southeast 2-20-109-1",1,17,1,20,-1.098059583,2.88052607,NA,0.436729813
"Olympic-12-71-1",1,16,2,15,-0.8584733,-0.632597579,0.520733749,-2.034607945
"BHSEA-2-135-3",1,20,1,8,NA,-3.747880048,NA,0.947799392
"Northeast-20-160-2",1,15,1,14,2.038804539,1.318769111,NA,-1.800046812
"NHSEA-0-346-3",1,18,1,8,3.341689993,7.593149963,2.074448,-0.328492074
"Southeast 3-10-105-2",1,15,2,21,NA,-2.049081382,1.231435129,-3.408349552
"77th 2-13-1313-2",1,14,1,2,NA,-3.422576732,2.561549587,-2.721478749
"Northeast-20-164-2",1,16,2,14,NA,1.029538731,NA,-1.726358217
"Hollenbeck 3-20-29-2",1,15,2,9,-3.684210718,-2.869489156,2.485691841,0.434109454
"Northeast-20-158-2",1,14,1,14,NA,NA,NA,2.064284014
"Hollenbeck 2-20-70-2",1,16,1,8,NA,6.157940513,NA,2.032179741
"Hollenbeck 3-20-68-2",1,16,1,9,-6.593198398,0.131022512,NA,-2.721478749
"Hollenbeck 2-20-92-2",1,25,1,8,NA,NA,NA,5.711047799
"Hollenbeck 1-20-78-2",1,17,2,7,NA,0.407973527,-1.483274407,-2.561457418
"Hollywood-12-38-2",1,19,1,10,-3.85206637,NA,2.327003998,4.08380032
"Harbor-21-157-1",1,18,1,6,2.945279234,1.484667914,NA,6.465333776
"Harbor-21-158-1",1,16,1,6,1.141817109,0.484191659,NA,2.6505961
"Hollenbeck 1-20-8-3",1,16,2,7,NA,-2.172088238,NA,-3.69734782
"Hollenbeck 1-20-94-2",1,21,2,7,NA,-0.913302895,-2.75220515,-4.907778024
"Foothill-14-292-1",1,15,2,5,NA,-0.243281464,NA,1.69568672
"RPARGR-PP-154-3",1,35,1,10,0.898370965,3.513765392,-0.336588488,1.93597679
"Harbor-21-156-1",1,26,2,6,-1.615708133,-3.367329144,NA,-2.08904508
"Hollenbeck 1-20-93-3",1,17,2,7,NA,NA,NA,NA
"Hollenbeck 3-20-91-2",1,17,2,9,NA,NA,NA,1.084943377
"Hollenbeck 3-20-99-2",1,17,1,9,-0.24922561,1.210375734,NA,2.139708017
"Harbor-21-159-1",1,16,2,6,3.906559731,3.172407636,1.376420333,0.057927243
"77th 3-20-143-1",1,18,1,3,NA,4.291643781,NA,-1.45661141
"Hollenbeck 1-20-72-2",1,19,1,7,NA,-1.371632826,NA,3.884452037
"Pacific-18-231-1",1,16,1,16,0.291409248,3.404572794,NA,-4.907778024
"Pacific-18-232-1",1,16,1,16,5.398895152,-0.599551628,1.107189985,-2.495051671
"Hollenbeck 1-20-97-2",1,18,1,7,6.120627656,1.591644449,NA,-1.116466081
"Southeast 2-20-132-1",1,16,2,20,NA,NA,NA,NA
"77th 3-20-144-1",1,14,2,3,NA,NA,NA,NA
"77th 3-20-91-2",1,17,2,3,NA,NA,NA,NA
"77th 3-20-138-1",1,16,1,3,NA,0.948183955,-6.138051539,-0.100874075
"77th 3-20-79-2",1,18,1,3,NA,-1.676996788,NA,-5.485774559
"77th 3-20-145-1",1,17,1,3,NA,-0.47705537,-0.473115487,-0.773030679
"77th 3-20-108-2",1,17,2,3,NA,5.506674622,2.932864236,-1.483294222
"Hollenbeck 2-20-23-3",1,19,1,8,6.717038877,6.071255695,NA,3.162368383
"77th 3-20-105-2",1,17,2,3,NA,-1.619854694,1.366111606,-3.646200757
"Pacific-18-105-2",1,19,1,16,NA,NA,NA,NA
"77th 3-20-155-1",1,15,1,3,NA,-2.292139343,-1.114417007,7.928725368
"77th 2-13-1331-1",1,15,2,2,NA,-2.253538259,5.093195248,-2.994515627
"Valley-92-4-1",1,16,1,999,NA,3.609897336,-0.614764313,0.881756635
"Hollenbeck 2-20-93-2",1,17,1,8,NA,4.677670886,NA,2.041221272
"Hollenbeck 2-20-104-2",1,19,1,8,NA,NA,NA,2.889331505
"Hollenbeck 3-20-96-2",1,13,1,9,NA,NA,NA,0.944173507
"Southeast 1-22-62-1",1,17,2,19,-5.77607029,4.440914068,NA,-2.378043347
"Hollenbeck 3-20-4-3",1,16,1,9,NA,NA,NA,-0.102094087
"77th 3-20-153-2",1,17,1,3,NA,7.63586528,1.75334408,0.901496313
"Newton 1-17-164-1",1,18,1,12,NA,3.512572437,NA,-1.511048545
"Rampart 1-12-454-2",1,16,2,17,-3.888480011,-1.72958861,-0.498612708,-2.756664422
"Harbor-21-160-1",1,23,2,6,-1.6880038,1.600741733,NA,-1.789110902
"Pacific-18-109-1",1,17,1,16,NA,-1.057804276,NA,-2.252356482
"Hollenbeck 2-20-77-2",1,15,1,8,-8.168287312,-3.892208437,2.281373443,2.29951486
"Valley-92-5-1",1,17,1,999,0.921817178,0.509614248,0.949016605,-0.379820632
"77th 2-13-1339-1",1,16,2,2,NA,-1.209135981,NA,-3.931908953
"77th 2-13-1326-1",1,15,2,2,NA,NA,NA,-3.173788419
"77th 2-13-1306-1",1,16,2,2,NA,NA,NA,-0.050947025
"Newton 1-17-165-1",1,14,2,12,2.12068014,-2.405574145,-3.279842656,0.330964122
"Foothill-14-313-1",1,15,1,5,NA,-4.272697748,3.279587983,5.687955966
"Newton 2-23-63-2",1,20,1,13,NA,NA,-0.692499773,-5.196776292
"Southeast 3-10-122-1",1,21,2,21,NA,-0.15423195,NA,-1.983460883
"Pacific-18-233-1",1,13,1,16,0.706026828,2.329660532,-1.916164628,-3.678096359
"Pacific-18-226-1",1,16,1,16,NA,1.565136495,-3.196283227,-3.642910686
"Pacific-18-207-1",1,18,1,16,-2.578246217,2.334130124,-1.006239486,-4.618779757
"Pacific-18-204-1",1,16,1,16,NA,-0.926864844,-3.362672752,-4.275344355
"Pacific-18-223-1",1,17,1,16,NA,5.184697604,-0.435578471,-4.329781489
"CPHBRE-0-76-1",1,18,1,999,3.328190949,-0.498355718,0.966055621,5.47873822
"Pacific-18-200-1",1,16,1,16,-4.437741757,4.938575293,-4.278813719,-4.329781489
"NHSEA-0-337-3",1,20,2,8,NA,3.688370882,2.76959622,-1.041926278
"Pacific-18-216-2",1,19,1,16,-6.493533963,1.55427956,-2.039653248,-3.299475284
"Pacific-18-234-1",1,16,1,16,-1.761303449,1.864223359,-0.838364106,-3.299475284
"Pacific-18-229-1",1,13,1,16,NA,1.650912028,-4.039296099,-4.329781489
"Southeast 3-10-79-2",1,19,1,21,NA,-0.83363699,1.208544953,2.997321574
"Pacific-18-235-1",1,16,1,16,NA,4.002710058,-1.521959803,-3.986346087
"Newton 2-23-146-1",1,17,1,13,NA,-0.750652463,NA,-4.20165576
"Newton 2-23-128-1",1,14,2,13,NA,-2.617516102,NA,-0.633117832
"Southeast 3-10-123-1",1,15,1,21,1.268386962,0.712029911,1.352558764,6.537985767
"Southeast 1-22-66-1",1,22,2,19,1.868881675,1.625862737,NA,-2.956039882
"Hollenbeck 1-20-100-2",1,21,1,7,-2.897910584,0.739196874,NA,-2.252356482
"Mission-14-156-1",1,16,1,11,NA,4.043294918,2.819592079,-1.167613143
"Foothill-14-316-1",1,15,2,5,NA,-3.400009425,NA,-3.064914151
"Southeast 1-22-68-1",1,17,1,19,NA,-1.317521912,NA,2.119572356
"Newton 1-17-169-1",1,14,2,12,NA,-0.756501531,NA,4.395340121
"Pacific-18-108-1",1,17,1,16,1.683793208,-3.710221434,-0.504099202,1.814612699
"Pacific-18-103-3",1,20,1,16,0.317496025,-5.863069094,-2.184273786,2.329856549
"Newton 2-23-145-1",1,16,2,13,NA,-2.113265498,-1.814444993,-3.807073296
"Hollenbeck 2-20-120-2",1,19,1,8,NA,-0.670580684,-0.144701743,1.421798635
"77th 2-13-1341-1",1,20,1,2,NA,-5.347819282,NA,2.298663653
"77th 2-13-1310-2",1,15,1,2,NA,NA,NA,-1.347737142
"77th 2-13-1336-1",1,18,2,2,NA,-4.134542504,NA,1.842212703
"BHSEA-1-152-3",1,17,1,9,2.938964149,0.160653334,NA,3.287204041
"77th 2-13-1333-1",1,17,1,2,NA,NA,NA,-4.392534174
"Devonshire-Topanga-11-92-1",1,23,2,4,1.453221823,-7.095663942,NA,6.203018321
"77th 2-13-1342-1",1,22,1,2,NA,-1.10827221,NA,0.748451109
"77th 3-20-154-1",1,16,2,3,NA,-0.750047418,4.148827409,-4.275344355
"SSSEARE-0-77-1",1,18,1,999,5.876996172,1.594670425,2.76959622,10.16150922
"Harbor-21-138-2",1,13,1,6,-4.04358355,2.268285951,0.147783448,-0.827467813
"Southeast 3-10-125-1",1,17,2,21,NA,4.25548978,NA,-1.410308332
"Southeast 2-20-164-1",1,18,2,20,NA,1.655930383,NA,-3.69734782
"Hollenbeck 2-20-118-2",1,17,1,8,NA,2.66916898,NA,-1.519364095
"Harbor-21-166-1",1,16,2,6,-0.366911526,-0.189208274,-0.47002117,-2.956039882
"Southeast 2-20-140-1",1,17,1,20,0.617190898,0.748388576,-0.06150698,0.697819441
"Newton 2-23-64-1",1,16,1,13,NA,0.857025168,-1.205098581,-5.485774559
"Harbor-21-116-2",1,14,2,6,2.035252664,1.218563733,NA,-0.484032411
"Mission-14-138-1",1,16,1,11,NA,-1.278512629,-0.683527105,2.157893783
"Foothill-14-296-1",1,16,1,5,3.599976422,-2.908542348,-1.178115504,-1.148361682
"Rampart 1-12-491-1",1,15,1,17,5.312699785,-0.363170764,NA,6.03142436
"Mission-14-158-1",1,17,1,11,NA,2.645182148,-4.1413804,-3.362046474
"Mission-14-157-1",1,18,1,11,NA,-3.347191169,NA,1.194696029
"SSSEARE-0-82-1",1,17,1,999,NA,3.378445402,0.215060383,3.851367427
"Newton 2-23-140-1",1,18,1,13,4.91225647,-4.038645944,1.07238262,5.473503316
"Newton 2-23-161-1",1,15,1,13,NA,1.048437755,-1.882086595,-2.775915883
"Pacific-18-228-1",1,16,1,16,2.179662103,2.681742254,-2.340596643,-4.329781489
"77th 2-13-1340-1",1,17,1,2,NA,-1.223796053,NA,1.662939912
"Hollenbeck 3-20-118-2",1,16,1,9,-3.697270816,-0.347680365,NA,0.97935918
"FGSEARE-0-69-1",1,18,1,999,NA,-3.080315443,NA,-0.379820632
"Foothill-14-297-1",1,17,1,5,NA,6.230853972,-1.530905281,-0.323983903
"Foothill-14-308-1",1,17,1,5,NA,2.474016984,NA,-2.015356484
"Northeast-20-184-2",1,17,1,14,4.552444692,0.756681509,NA,4.730641466
"Foothill-14-320-1",1,30,1,5,-1.377092411,-0.655746821,NA,-2.323606213
"Valley-92-12-1",1,18,1,999,NA,NA,NA,0.198175903
"Foothill-14-310-1",1,15,1,5,3.94174576,-0.521476328,2.212096189,3.489869573
"SVCIS-0-44-2",1,22,2,5,NA,-1.94037655,NA,-4.049098772
"Foothill-14-294-1",1,25,1,5,-7.960630524,-6.756520778,2.655053077,3.061294271
"Rampart 1-12-495-2",1,16,1,17,0.137276271,1.965371003,3.748771425,2.767785919
"VMVHF-0-67-1",1,27,1,16,0.857873832,-4.865880174,-1.24539244,-0.878614875
"Pacific-18-244-1",1,15,1,16,-1.261258393,0.824701541,-2.032922959,-3.010477016
"Foothill-14-286-1",1,18,1,5,-2.791492118,-0.73054028,-0.371031187,-2.667041615
"Pacific-18-85-1",1,31,1,16,-1.150296532,-8.375351387,-1.405930804,1.127923391
"Foothill-14-210-1",1,16,2,5,3.80352876,-5.364121477,-1.954822833,9.084718438
"Harbor-21-172-1",1,27,2,6,2.165977719,-0.1446469,NA,0.713753653
"Foothill-14-319-1",1,22,1,5,NA,NA,NA,0.487174171
"Mission-14-141-1",1,17,1,11,NA,-0.556000991,-6.581008427,-5.485774559
"77th 3-20-136-1",1,15,1,3,NA,-1.881997253,NA,-2.08904508
"77th 3-20-176-1",1,14,1,3,NA,-2.965705031,NA,-0.432885349
"77th 3-20-133-1",1,16,1,3,NA,-3.178873704,NA,-1.854483946
"Olympic-12-56-1",1,16,1,15,-1.563154884,-1.001247023,1.192749732,3.448076579
"Pacific-18-96-1",1,25,1,16,-1.713149991,-8.087553539,NA,-0.426305205
"Harbor-21-168-1",1,24,2,6,1.976713092,-0.027802105,NA,1.689622724
"Newton 1-17-185-1",1,16,1,12,-0.149328528,3.284424973,NA,3.201722513
"77th 3-20-59-3",1,16,1,3,NA,-0.432858299,1.265877827,1.00275192
"Rampart 1-12-493-1",1,17,2,17,4.618712301,-1.252398205,NA,NA
"77th 3-20-56-2",1,18,1,3,NA,2.287629042,NA,-4.329781489
"77th 3-20-139-2",1,16,2,3,NA,3.470503554,-1.837699836,-3.013767088
"Newton 2-23-117-1",1,19,2,13,NA,-3.020046017,1.159550829,-4.490654027
"Harbor-21-170-1",1,21,1,6,-0.389387178,2.540333233,-0.147673454,-1.116466081
"Hollenbeck 2-20-103-2",1,23,1,8,2.070071459,0.351106675,NA,-1.097214619
"Hollenbeck 3-20-121-2",1,15,1,9,2.178780767,1.713489252,NA,6.711529623
"Harbor-21-167-1",1,21,1,6,0.928317602,0.901867692,NA,-2.272459151
"Foothill-14-309-1",1,16,1,5,NA,-1.15452413,NA,1.846353983
"Harbor-21-169-1",1,20,1,6,1.87252622,0.243377098,0.824406795,-1.405464348
"Newton 2-23-169-1",1,21,1,13,NA,-0.931374844,-1.882086595,-1.45661141
"Hollenbeck 3-20-102-2",1,15,2,9,NA,1.491525476,-0.400743915,-2.092335151
"Hollenbeck 1-20-106-2",1,17,1,7,-4.033821721,1.244696118,-2.177301437,-0.497554936
"Hollenbeck 1-20-104-2",1,15,1,7,NA,-1.245852099,NA,-3.462786686
"Harbor-21-174-1",1,25,1,6,3.365300587,-0.252194673,NA,7.245144636
"Hollenbeck 1-20-126-2",1,18,1,7,-2.1943849,0.412471154,NA,0.475902448
"Southeast 2-20-128-2",1,19,1,20,3.988270951,-0.802518893,NA,3.130472782
"77th 2-13-1327-1",1,18,2,2,NA,-3.171032643,NA,-1.148361682
"77th 2-13-1343-1",1,16,1,2,-1.516781613,3.051729399,NA,4.786632513
"BVCB-0-187-2",1,27,1,22,-0.236219891,3.309288311,NA,3.157524399
"Rampart 1-12-506-1",1,17,1,17,0.698185162,1.984234545,0.028660131,5.537837843
"Harbor-21-173-1",1,21,1,6,1.878554278,3.154308037,0.7512787,0.960958926
"NHSEA-0-248-2",1,18,2,8,-4.450544804,-2.664905494,NA,-0.988340351
"Rampart 1-12-501-1",1,19,2,17,-8.583600888,1.936819774,-0.695229424,-4.907778024
"CPHBRE-0-96-1",1,17,1,999,0.027778296,2.543625148,-0.848430773,2.881351767
"Newton 2-23-148-1",1,22,1,13,NA,-2.895226547,-2.658943721,-3.010477016
"Harbor-21-176-1",1,16,1,6,2.250544818,1.654137357,-2.442680944,2.889304328
"77th 3-20-157-1",1,20,2,3,NA,4.59712809,NA,-2.595791884
"BHSEA-2-107-3",1,18,1,9,NA,1.651026651,2.00977811,4.462448572
"Hollenbeck 3-20-107-2",1,17,1,9,-6.507033008,-0.842721516,NA,-2.378043347
"Newton 1-17-175-1",1,15,1,12,3.220616583,-0.841304079,NA,8.772294438
"Devonshire-Topanga-11-118-1",1,17,1,4,NA,2.69318403,2.244688366,-1.382922815
"Valley-92-19-1",1,18,1,999,NA,3.470049027,NA,1.94727569
"BVCB-0-191-2",1,32,1,22,-2.943115492,3.232076576,-6.790298855,-3.642910686
"Newton 2-23-131-1",1,18,2,13,NA,3.29174799,-1.773029945,-5.485774559
"Newton 2-23-182-1",1,22,1,13,0.36740871,-1.332991098,0.856998972,6.211548359
"Newton 1-17-191-1",1,18,1,12,-8.583600888,2.670662693,-0.477116125,-1.276487411
"Newton 1-17-157-1",1,16,1,12,3.721193254,-7.420193599,NA,1.182024712
"Hollenbeck 3-20-141-2",1,25,1,9,-3.67140767,2.029933188,NA,-2.378043347
"Newton 2-23-160-1",1,18,1,13,4.028236468,0.684247984,-3.000180975,0.250695383
"Newton 2-23-149-1",1,22,1,13,NA,-1.944220094,-3.57196318,-2.956039882
"77th 2-13-1337-1",1,19,2,2,NA,-7.524822572,NA,0.459941058
"77th 3-20-137-2",1,16,1,3,NA,2.000074382,-5.534556287,-2.615894552
"Devonshire-Topanga-11-85-1",1,16,2,4,NA,-3.267328276,2.151791603,5.222123771
"Olympic-12-97-3",1,20,1,15,3.294856817,-1.374705781,NA,5.196446484
"77th 2-13-1363-1",1,20,2,2,-1.943814046,-0.831389226,NA,-1.347737142
"Hollenbeck 1-20-128-2",1,14,1,7,NA,-0.340465379,1.767653445,4.57132284
"Southwest 1-15-315-1",1,28,2,22,NA,5.235409427,-3.113453131,-1.159083105
"Newton 1-17-194-1",1,16,1,12,NA,-2.609887564,-3.752634878,0.511088121
"Newton 2-23-187-1",1,18,1,13,NA,1.376843918,0.484413337,-5.196776292
"Hollenbeck 3-20-120-2",1,16,2,9,-3.323171328,0.255033072,NA,3.887742109
"Rampart 1-12-503-1",1,16,1,17,NA,4.827461488,NA,6.898391985
"Hollenbeck 3-20-124-2",1,17,2,9,-4.603049515,-6.714413757,NA,3.580343588
"Newton 2-23-170-1",1,16,1,13,NA,0.38287847,-2.018248928,-1.800046812
"77th 2-13-1360-1",1,18,1,2,4.979312745,5.585743523,2.82841495,-0.680090623
"Hollenbeck 3-20-131-2",1,15,2,9,2.11040421,-1.105202095,0.086235066,1.111626189
"Hollenbeck 3-20-132-2",1,15,2,9,0.4560593,-0.414091831,NA,0.651885168
"Hollenbeck 3-20-137-2",1,16,1,9,5.85470586,7.185483587,NA,-2.323424718
"Hollenbeck 3-20-133-2",1,16,1,9,-3.499725578,0.363996398,0.162092813,-1.074673087
"Hollenbeck 3-20-142-2",1,15,1,9,-5.533759089,1.038824669,NA,0.222089853
"Newton 2-23-173-1",1,18,1,13,NA,4.552814126,-0.988835804,-5.485774559
"77th 2-13-1338-1",1,19,1,2,NA,-1.924008153,0.423744085,6.50712677
"Hollenbeck 3-20-47-3",1,15,1,9,0.297876252,-2.381768549,NA,2.498039113
"Olympic-12-78-1",1,15,2,17,1.64257912,-1.160025461,-1.974983358,0.851233451
"77th 3-20-109-2",1,19,2,3,NA,5.101301796,-1.458898375,-3.462786686
"Newton 2-23-155-1",1,16,1,13,NA,-3.04260073,-0.144701743,0.924922046
"Newton 1-17-176-1",1,14,1,12,0.880164144,1.738449482,-2.554102578,2.850828583
"FGSEARE-0-73-1",1,18,1,999,-4.222799323,0.77658465,NA,2.439093808
"Hollenbeck 2-20-96-2",1,17,1,8,-1.744948526,2.267389837,NA,-2.342830497
"Devonshire-Topanga-11-120-1",1,14,1,4,NA,1.478684405,1.007835336,-0.047656953
"Northeast-20-188-2",1,23,2,14,4.388140915,0.032019595,2.325518143,2.54016792
"Southwest 1-15-303-2",1,19,1,22,NA,2.802841461,-0.335102632,0.18690418
"Southeast 3-10-157-1",1,16,2,21,NA,7.993859614,3.213432237,-2.342830497
"Hollenbeck 3-20-153-2",1,36,1,9,-6.285877175,1.970305637,NA,-2.956039882
"Newton 2-23-197-1",1,19,2,13,NA,NA,-2.233025849,-2.901602748
"Newton 2-23-158-1",1,22,2,13,NA,-0.192995537,-3.537520481,-2.956039882
"BVCB-0-226-3",1,24,2,22,0.331434014,-0.320416713,NA,5.02777379
"Hollenbeck 3-20-144-2",1,23,1,9,-0.08990762,-0.260980683,NA,-1.299880152
"Valley-92-13-1",1,18,1,999,NA,3.170354645,1.867522557,3.485179907
"FGSEARE-0-77-1",1,18,1,999,NA,1.008371353,0.48516986,2.290711092
"Newton 1-17-180-1",1,17,1,12,NA,-1.743066243,2.142089602,3.547596779
"Harbor-21-187-1",1,15,1,6,-4.924287769,-8.183685896,1.124229001,-4.040783222
"Harbor-21-186-1",1,18,1,6,-1.102328414,1.344646227,NA,0.082358501
"Hollywood-12-70-2",1,15,1,10,2.450730621,3.571239944,1.733210747,3.981506195
"Pacific-18-121-1",1,21,1,16,0.447268033,-1.123342515,-0.480087836,2.674021833
"CPHBRE-0-91-1",1,16,2,999,-0.540314555,-4.216091274,NA,4.207263561
"Hollywood-12-64-1",1,21,2,10,4.412375794,NA,0.579552479,5.121049659
"Hollywood-12-69-2",1,20,1,10,1.854758345,3.050054064,1.297590875,2.92780725
"Harbor-21-188-1",1,15,2,6,0.149016087,-1.625365742,2.730546157,2.080915116
"FGSEARE-0-76-1",1,16,1,999,NA,3.539284487,NA,3.853930766
"BVCB-0-217-2",1,21,2,22,0.265073736,-0.235141705,NA,6.069351718
"Southwest 2-23-85-1",1,21,2,23,NA,NA,NA,-1.800046812
"FGSEARE-0-80-1",1,17,1,999,NA,5.796705023,3.731367742,1.47068908
"77th 2-13-1362-1",1,18,1,2,1.414074948,-1.760346003,NA,3.707953923
"Harbor-21-189-1",1,22,2,6,1.349473897,2.477926912,0.490506557,0.437399525
"Newton 1-17-199-1",1,15,1,12,NA,-2.499113455,NA,6.449372387
"Hollenbeck 1-20-149-2",1,17,2,7,NA,-6.484629536,-2.106051054,1.284318837
"Southeast 1-22-92-1",1,18,1,19,-1.609680075,NA,NA,1.454909186
"SSSEARE-0-87-1",1,17,1,999,NA,3.042992223,NA,3.836442642
"77th 2-13-1359-1",1,18,2,2,NA,-1.783381036,4.380128883,2.096876505
"77th 2-13-1358-1",1,18,2,2,NA,5.560831946,5.228992915,-1.40875442
"Rampart 1-12-532-1",1,15,2,17,-2.026313933,1.579990149,-1.794284469,5.687961781
"Rampart 2-12-235-2",1,14,2,17,NA,4.77149382,NA,-2.651080225
"Southeast 3-10-135-1",1,16,2,21,NA,3.496395765,2.611787507,0.988713248
"Southeast 3-10-159-1",1,15,2,21,NA,-1.189069382,0.478954034,-1.010881884
"Newton 1-17-177-1",1,18,1,12,2.04288803,-3.410210806,NA,0.393898302
"Newton 1-17-174-1",1,16,2,12,NA,-5.178622948,NA,1.737479714
"CPHBRE-0-92-1",1,18,2,999,3.591164195,-0.359240247,NA,6.459787088
"Pacific-18-252-1",1,17,1,16,3.153817358,5.294449454,-0.818960105,-1.854483946
"Hollenbeck 2-20-122-2",1,27,2,8,-7.130003372,-1.5789005,NA,-3.642910686
"Hollenbeck 1-20-120-2",1,17,2,7,4.555903897,-1.511346309,NA,9.526273693
"Northeast-20-206-2",1,17,2,14,0.994277225,-7.264587277,-1.507135975,0.812757706
"Hollenbeck 3-20-62-3",1,19,1,9,3.365300587,2.280327596,NA,5.901899036
"Hollenbeck 3-20-170-1",1,16,1,9,-0.522803731,-0.916674364,NA,-1.636553915
"Northeast-20-149-3",1,22,2,8,3.648201591,-1.684212005,NA,-1.91306236
"Northeast-20-208-2",1,15,1,14,3.790725712,-7.45599056,NA,2.47549758
"Devonshire-Topanga-11-128-1",1,17,1,4,-4.543628606,0.482882022,1.495693446,1.869231328
"Pacific-18-250-1",1,16,1,16,1.960573484,1.602299376,0.245652241,-3.173788419
"77th 2-13-1308-2",1,18,1,2,-2.711632795,0.176935326,NA,0.425793903
"77th 3-20-172-1",1,16,1,3,NA,3.93200029,-3.453204529,-2.873854241
"Hollenbeck 2-20-116-2",1,22,2,8,NA,-0.384422276,NA,-3.931908953
"Rampart 2-12-226-2",1,16,1,18,1.409590802,6.783261875,1.398945842,3.083681486
"Rampart 2-12-267-2",1,16,2,18,NA,2.550329536,NA,-1.745609678
"Hollenbeck 1-20-81-2",1,17,1,7,3.255966993,-1.218355719,NA,3.416180978
"Hollenbeck 1-20-121-2",1,22,1,7,-4.441478972,-0.049488354,NA,-3.299293789
"Hollywood-12-80-1",1,18,2,10,NA,0.004526494,1.482505271,0.568815327
"Hollywood-12-79-1",1,22,1,10,3.419482103,2.528051211,0.262691257,2.353951994
"Rampart 2-12-248-1",1,15,2,18,NA,0.92487162,NA,-2.956039882
"Hollenbeck 3-20-125-2",1,13,1,9,3.870585035,3.99957835,NA,8.681820423
"Hollywood-12-78-2",1,22,1,10,3.622431115,0.738128854,1.59156192,2.716638857
"Rampart 2-12-251-1",1,14,2,18,-6.895348495,4.869965108,-5.067223367,-2.378043347
"77th 3-20-174-1",1,18,2,3,2.522587342,-5.744173578,0.208602497,NA
"Hollenbeck 1-20-113-2",1,16,1,7,NA,2.721006961,2.200543666,-3.064914151
"Rampart 2-12-237-2",1,18,1,18,-7.116504327,-0.120187607,-4.366223988,-1.042777485
"Rampart 2-12-249-2",1,12,1,18,-3.424350401,0.641734675,NA,0.03952699
"Southeast 3-10-158-1",1,17,1,21,3.22246848,-2.478007697,NA,7.139896252
"Newton 2-23-192-1",1,15,1,13,NA,-0.447816473,-0.969067137,-2.667041615
"Rampart 2-12-259-1",1,21,1,18,-8.583600888,0.658856086,0.454578003,-4.220907221
"Hollenbeck 3-20-126-2",1,12,1,9,-0.269942034,3.675519297,NA,2.3381721
"Rampart 2-12-243-2",1,21,1,18,NA,-2.375043957,-6.162427571,-4.040783222
"Newton 1-17-133-1",1,14,1,12,1.460600139,2.547739558,NA,3.927069061
"Hollenbeck 1-20-52-3",1,19,1,7,2.873607852,-2.591833549,NA,5.126777843
"Newton 1-17-168-1",1,17,2,12,NA,-1.752574394,NA,1.085794584
"Rampart 2-12-224-2",1,17,1,18,-3.847050608,0.255046244,NA,-0.699342084
"Rampart 1-12-462-1",1,17,1,17,1.758320469,4.603033257,NA,5.299959461
"Foothill-14-381-1",1,21,1,5,NA,-5.451032884,NA,-4.329781489
"Devonshire-Topanga-11-140-1",1,16,1,4,4.825837473,3.857429044,0.665354286,5.749857443
"Rampart 2-12-244-2",1,16,1,18,-7.33766016,-3.56146999,-4.833556908,-0.699342084
"Rampart 1-12-459-2",1,17,1,17,0.598963118,1.238293084,NA,-0.097738321
"Valley-92-20-1",1,17,1,999,NA,-2.272026003,-2.594396437,7.062583686
"Hollenbeck 2-20-134-2",1,23,1,8,NA,1.075333852,-2.311977913,-1.694462616
"Southeast 1-22-91-2",1,14,1,19,NA,-1.287658362,1.641193113,-1.116466081
"Harbor-21-192-1",1,14,1,6,4.357662663,-1.560676562,NA,9.463339513
"CPHBRE-0-84-1",1,17,1,999,1.72429034,1.371097541,5.63787177,-4.618779757
"Hollenbeck 3-20-187-1",1,22,1,9,-4.843732449,-4.099239034,NA,-2.724768821
"Devonshire-Topanga-11-135-1",1,23,2,4,NA,2.572623485,0.950502461,2.31133497
"Devonshire-Topanga-11-99-2",1,19,2,4,-3.904927605,-1.578556814,-0.914221853,0.305132517
"Hollenbeck 2-20-58-3",1,17,1,8,NA,-1.333599212,NA,0.990993893
"SSSEARE-0-93-1",1,18,1,999,4.332516472,0.115695572,-0.089733853,7.760724299
"Devonshire-Topanga-11-126-1",1,19,1,4,NA,2.811936089,1.240258,3.762906451
"Olympic-12-121-1",1,25,2,15,1.964808894,-0.854926667,2.63801406,-3.967094626
"Hollenbeck 1-20-148-2",1,16,2,7,NA,4.460574562,-1.433643214,5.133357986
"NHSEA-0-210-4",1,23,1,8,-3.86311019,0.005780447,NA,-0.246181206
"NHSEA-0-236-2",1,26,2,8,NA,0.468173683,3.301207172,-4.85334089
"Southwest 2-23-79-2",1,15,2,23,NA,3.266805308,NA,-3.119351285
"Rampart 2-12-216-1",1,17,2,18,NA,-1.474466503,2.178897286,-3.642910686
"Rampart 2-12-246-1",1,19,2,18,NA,2.96811236,2.193206651,1.557355715
"Newton 2-23-211-1",1,15,2,13,NA,NA,NA,3.194263985
"Southeast 1-22-79-2",1,17,2,19,1.518957816,1.04944929,NA,1.627754238
"Hollenbeck 3-20-166-2",1,17,1,9,-2.501959729,-0.161359964,NA,0.581486644
"Foothill-14-359-1",1,13,1,5,2.447815492,-1.97021165,NA,5.09159217
"77th 3-20-231-1",1,24,2,3,NA,NA,NA,-3.424799159
"Southwest 2-23-88-1",1,16,2,23,NA,1.651652312,1.704469411,-4.329781489
"Southeast 1-22-101-1",1,15,1,19,NA,2.663621652,NA,-1.410308332
"Olympic-12-152-1",1,16,2,17,NA,-4.046121308,2.182018794,-2.779205955
"Southeast 1-22-102-1",1,14,1,19,NA,2.167684002,NA,-1.983460883
"Devonshire-Topanga-11-142-1",1,16,1,4,NA,-2.592867558,1.941015319,0.062068522
"Southeast 3-10-136-2",1,17,2,21,NA,-1.289024484,-3.956101337,-1.500112634
"Newton 1-17-223-1",1,15,1,12,NA,-1.298060357,-0.371031187,0.113215585
"Hollenbeck 2-20-77-3",1,16,1,8,NA,-1.434673236,NA,1.064989211
"Newton 2-23-172-1",1,21,2,13,NA,-6.518681297,NA,-0.660839161
"Olympic-12-145-1",1,26,1,15,-0.219772298,NA,-1.284050645,4.416481307
"Hollenbeck 3-20-184-2",1,16,1,9,-1.238968081,-4.008723044,NA,1.737479714
"Olympic-12-133-1",1,17,1,17,-1.410118558,-5.944329837,-0.388070203,0.370318251
"Olympic-12-139-2",1,19,2,15,NA,-1.781454444,-2.106930184,-3.931908953
"SSSEARE-0-46-2",1,18,1,999,-2.875843902,2.659507242,NA,-2.956039882
"Southeast 3-10-186-1",1,12,1,21,NA,3.434144888,-5.855633016,2.513973325
"Southeast 1-22-97-1",1,19,2,19,NA,3.209775181,NA,-1.624064092
"Hollenbeck 2-20-156-2",1,22,1,8,4.225874376,-3.823840486,NA,0.042817061
"Hollenbeck 3-20-122-2",1,15,1,9,-0.561010021,4.805584341,NA,-2.378043347
"Southeast 3-10-162-1",1,15,2,21,NA,-0.503392007,1.231435129,-3.408349552
"Hollenbeck 1-20-119-1",1,15,1,7,NA,NA,NA,-0.484032411
"Hollenbeck 1-20-125-2",1,16,2,7,NA,0.584928435,3.169652204,5.828237618
"77th 2-13-1386-1",1,22,2,2,NA,3.021143112,1.244623304,2.88031325
"Hollenbeck 3-20-178-2",1,22,1,9,NA,-2.667839571,1.015172351,1.049757703
"Northeast-20-253-2",1,23,1,14,3.633698565,0.573512634,3.514740299,11.99986492
"Southeast 3-10-185-1",1,15,2,21,NA,1.140715667,3.075269585,2.766934712
"Hollenbeck 2-20-140-2",1,22,2,8,NA,1.98121311,5.728403548,-4.040783222
"Southeast 1-22-133-1",1,17,1,19,2.569327848,3.401606631,NA,-1.351027214
"Devonshire-Topanga-11-13-2",1,19,1,4,-0.172314837,1.614765446,0.792693748,0.998946454
"Rampart 1-12-544-1",1,15,2,17,NA,-0.857506489,NA,-2.378043347
"CPHBRE-0-103-1",1,16,1,999,3.993674724,1.374507121,2.212975318,12.04217912
"CPHBRE-0-104-1",1,16,1,999,2.030709268,NA,1.768774635,12.13005995
"Hollenbeck 2-20-147-2",1,24,1,8,1.760889322,6.689480149,NA,-2.54135475
"Hollenbeck 3-20-152-2",1,16,1,9,NA,1.520464876,NA,-2.08904508
"77th 2-13-1400-1",1,16,1,2,NA,4.53119733,4.476876487,-3.064914151
"Foothill-14-396-1",1,14,1,5,NA,-0.9097405,-0.355235966,4.099761709
"Harbor-21-193-1",1,17,1,6,-1.110423685,0.539651771,NA,-1.116466081
"Hollenbeck 3-20-154-2",1,17,2,9,NA,-3.336620403,NA,1.451771518
"Southeast 3-10-137-2",1,15,1,21,NA,-0.822470842,NA,-2.432480481
"Southeast 3-10-163-1",1,14,2,21,NA,0.9973431,-0.127662726,-3.299475284
"Southeast 3-10-118-2",1,15,1,21,-0.115146481,-2.168516155,0.75712986,-0.028251174
"Northeast-20-233-2",1,21,2,14,-7.134711148,0.909121257,NA,-2.378043347
"Harbor-21-195-1",1,21,1,6,2.080183008,2.358898217,1.842267396,-0.625653488
"Hollenbeck 3-20-162-2",1,24,1,9,0.397794293,3.29279519,NA,-3.646200757
"Northeast-20-227-2",1,22,1,14,-0.989822641,1.261268766,-1.542093137,-1.694462616
"Rampart 1-12-512-2",1,16,1,17,NA,-5.219340987,NA,-1.800046812
"Southeast 3-10-150-2",1,16,1,21,NA,-1.456943317,NA,NA
"Rampart 1-12-526-1",1,18,1,17,NA,-2.111176842,NA,-1.437359949
"Rampart 1-12-523-1",1,18,1,17,NA,2.339099827,NA,-1.694462616
"Hollenbeck 1-20-167-2",1,17,1,7,-0.480914606,-0.269526135,NA,7.124664745
"Hollenbeck 2-20-40-3",1,18,2,8,-2.698041081,-4.903125265,-3.898891068,-0.995804695
"SSSEARE-0-95-1",1,17,1,999,-4.951285857,6.754083128,NA,-0.153393554
"Southwest 1-15-333-2",1,20,1,22,2.126543818,-0.432357775,NA,5.387170581
"SSSEARE-0-96-1",1,18,1,999,NA,-1.176718321,NA,0.939665336
"BHSEA-1-164-3",1,17,2,9,0.692566074,-1.450318483,NA,1.296260272
"Valley-92-21-1",1,17,1,999,1.944290272,1.911898095,NA,7.135052268
"Rampart 1-12-540-1",1,17,2,17,NA,-2.360123304,NA,-2.956039882
"Hollenbeck 3-20-173-2",1,16,1,9,-2.90261836,-0.714616154,NA,-0.913800549
"Southeast 1-22-135-1",1,23,2,19,NA,-5.307281863,NA,-2.307644824
"Southwest 2-23-106-1",1,17,2,23,NA,2.914445275,NA,-3.931908953
"Southwest 2-23-63-2",1,24,2,23,-3.059666466,2.003164471,3.5823819,-0.48074234
"Hollenbeck 2-20-162-3",1,18,2,8,0.427964561,-2.665406018,-0.215829519,6.808950673
"Northeast-20-223-2",1,19,1,14,NA,1.250306897,-3.000545641,-1.800046812
"77th 3-20-239-1",1,17,1,3,NA,-2.487135949,-6.790298855,-4.907778024
"BHSEA-1-117-3",1,19,2,9,-1.104560008,0.211327405,NA,0.042817061
"Hollenbeck 3-20-150-2",1,15,2,9,NA,0.445476312,-0.557431439,-1.405464348
"Southwest 1-15-343-1",1,20,1,22,0.496024817,-1.972168163,1.342856763,0.764900715
"Harbor-21-180-1",1,28,2,6,-2.015578098,2.48292772,NA,-2.956039882
"FGSEARE-0-85-1",1,17,1,999,NA,-5.138767885,NA,4.312508042
"Valley-92-31-1",1,18,1,999,3.278717209,NA,NA,4.109661015
"Northeast-20-234-2",1,16,1,14,-0.048313836,3.1933965,NA,0.702329525
"77th 3-20-234-1",1,17,2,3,-3.625894776,2.934126386,-5.743846715,-4.907778024
"77th 2-13-1394-1",1,18,1,2,NA,-1.738596651,0.615116367,-0.965798818
"Northeast-20-146-2",1,18,2,14,2.20935169,-1.522854672,NA,2.85259192
"Valley-92-37-1",1,17,1,999,NA,2.246906645,0.023688101,5.050344413
"Northeast-20-232-2",1,14,1,14,0.51947103,7.282731614,NA,-1.065319018
"Valley-92-41-1",1,18,1,999,0.555977341,-2.813048824,NA,5.633184932
"77th 2-13-1409-1",1,17,1,2,1.480658857,-2.548379804,-2.769608832,13.06191241
"77th 3-20-240-1",1,20,1,3,NA,0.860924398,-4.687300717,-3.588473551
"Northeast-20-263-2",1,17,2,14,4.669506322,0.178929563,NA,0.956817647
"Valley-92-38-1",1,16,1,999,NA,0.434733999,NA,2.420572228
"Newton 2-23-116-1",1,16,2,13,NA,-0.274745903,-0.82829744,-2.08904508
"Northeast-20-151-2",1,19,1,14,3.798820983,-4.480288191,1.925097492,-0.12463562
"Northeast-20-245-2",1,22,1,14,NA,1.26887937,-0.173293281,0.976069108
"Valley-92-36-1",1,18,1,999,NA,1.212012519,-2.105294531,6.159364693
"Hollenbeck 1-20-165-2",1,18,1,7,-0.799512296,0.076104314,-2.87681496,6.824730567
"Northeast-20-250-2",1,17,1,14,NA,-0.373940727,-1.741681564,2.026477982
"Hollenbeck 1-20-155-2",1,16,1,7,1.987571572,5.402209337,-0.121811567,-2.486917616
"Hollenbeck 2-20-150-2",1,21,2,8,NA,-7.758363365,NA,0.090674052
"Devonshire-Topanga-11-52-2",1,19,1,4,-2.089286717,-1.736640166,0.77380421,-1.58211678
"Southeast 3-10-148-2",1,20,2,21,NA,-3.024400987,NA,NA
"Foothill-14-398-1",1,20,2,5,NA,NA,NA,-5.485774559
"SSSEARE-0-90-1",1,16,2,999,NA,-1.872248928,NA,1.111473784
"Southwest 2-23-117-1",1,25,1,23,0.852980716,1.702034718,NA,1.897501045
"CPHBRE-0-106-1",1,18,1,999,1.65660978,2.255896339,0.788478241,3.899013832
"Foothill-14-392-1",1,16,1,5,NA,-2.183658222,NA,-2.667041615
"Newton 1-17-244-1",1,17,1,12,NA,-0.451132257,1.607115081,3.750598124
"NHSEA-0-319-5",1,18,1,7,1.149473434,0.21573806,NA,2.400957777
"Southeast 1-22-105-1",1,20,2,19,-6.687691707,NA,NA,-1.909772288
"Foothill-14-391-1",1,21,2,5,-2.084853505,-1.463622325,NA,3.056784187
"Newton 1-17-218-2",1,21,1,12,2.742330223,-2.832119936,NA,-0.426305205
"Southeast 1-22-112-1",1,20,2,19,-0.188230814,NA,NA,4.338651432
"Newton 1-17-126-2",1,21,2,12,NA,-1.019916388,NA,1.791916848
"77th 3-20-250-1",1,15,1,3,NA,-7.868087591,-3.093442404,-0.535179474
"77th 3-20-257-1",1,18,1,3,NA,5.768345701,1.860185542,6.569727051
"77th 3-20-252-1",1,15,1,3,NA,NA,-3.230725926,-0.59290668
"77th 3-20-251-1",1,15,1,3,NA,2.09783265,1.399310509,2.818932982
"77th 3-20-248-1",1,17,1,3,NA,0.980542861,-1.185302723,-2.850455686
"77th 3-20-259-1",1,15,1,3,NA,NA,-6.371717999,-0.409492609
"Northeast-20-169-2",1,16,2,14,NA,2.842089033,1.226463098,0.97935918
"Hollenbeck 2-20-177-2",1,21,1,8,NA,3.786882964,2.321667302,-1.527498151
"77th 3-20-245-1",1,18,2,3,NA,3.090378959,NA,-4.103535906
"Pacific-18-111-2",1,24,1,16,2.67685128,1.102117598,2.137482238,4.66423572
"SSSEARE-0-100-1",1,16,1,999,NA,1.384710359,-0.205006329,0.650667068
"Mission-14-251-1",1,16,1,11,NA,1.167645139,NA,-1.929023749
"77th 3-20-253-1",1,17,2,3,NA,-0.350280859,NA,-1.40875442
"Southeast 2-20-99-2",1,18,1,20,-0.481589643,5.578452207,NA,0.800086388
"Hollenbeck 1-20-42-4",1,22,1,7,-3.000684503,-5.44532993,NA,-2.378043347
"77th 3-20-255-1",1,17,2,3,NA,2.634217623,1.823742524,-0.143887081
"Hollenbeck 2-20-118-3",1,18,1,8,3.577665151,-1.115404765,NA,1.913616752
"Northeast-20-176-2",1,18,2,14,NA,-5.352387833,NA,0.145111186
"77th 3-20-256-1",1,15,2,3,NA,-1.104612328,-0.078910663,2.745244386
"CPHBRE-0-113-1",1,17,1,999,1.958945217,0.594378245,NA,4.699965878
"Olympic-12-126-2",1,20,1,15,NA,-4.30623971,1.964512221,3.149905738
"Northeast-20-215-2",1,17,1,14,-1.917195654,5.617592189,-1.473572406,2.100166577
"77th 3-20-262-1",1,17,1,3,NA,1.627704031,-2.016763072,-1.643315553
"Southeast 1-22-120-1",1,18,1,19,NA,4.644282511,NA,-0.878614875
"Southwest 2-23-131-1",1,15,1,23,NA,-4.096618749,-2.717762451,2.885157233
"Harbor-21-200-1",1,26,1,6,1.547715132,1.6668436,NA,3.23934705
"NHSEA-0-149-3",1,20,1,8,NA,1.637636221,1.893749111,-4.103535906
"Hollywood-12-85-1",1,19,1,10,NA,NA,NA,-0.524243563
"Hollenbeck 2-20-29-3",1,18,1,8,4.825837473,3.717618872,NA,-1.049357629
"BHSEA-1-147-3",1,16,1,9,-2.179350259,7.642347455,2.549482602,3.124409946
"Southeast 1-22-123-1",1,25,2,19,NA,-6.259319256,NA,-2.197919348
"Hollenbeck 2-20-151-3",1,26,1,8,3.72573665,-2.778432647,NA,7.770078367
"Southwest 2-23-127-1",1,14,1,23,-0.352716486,2.17473574,NA,-0.702632155
"Southwest 2-23-137-1",1,19,1,23,NA,1.712891654,NA,2.053529599
"Valley-92-40-1",1,17,1,999,3.940589859,-1.236445217,NA,6.893910991
"Southwest 2-23-119-1",1,18,2,23,NA,-0.556356173,-0.428606122,-0.46478095
"Newton 1-17-258-1",1,23,2,12,2.742330223,-1.889320242,NA,0.908960657
"Hollenbeck 2-20-160-2",1,15,2,8,NA,-1.172864288,1.24498797,-2.775915883
"Newton 1-17-246-1",1,15,1,12,3.933557819,-6.491236821,NA,3.57949238
"Hollenbeck 1-20-201-2",1,20,1,7,0.869120324,-3.79624987,NA,-1.402174276
"Hollenbeck 1-20-208-2",1,30,1,7,-7.33766016,-0.86466672,NA,0.3037601
"Foothill-14-393-1",1,17,1,5,NA,NA,NA,-0.246181206
"Foothill-14-419-1",1,17,1,5,NA,-1.23896098,0.89144167,-1.54952429
"77th 1-16-115-1",1,18,2,1,NA,-4.723472375,NA,-2.956039882
"FGSEARE-0-67-2",1,16,1,999,3.330207227,-4.675815573,NA,6.139931736
"Northeast-20-274-2",1,17,1,14,0.198928773,2.552614842,NA,1.799717005
"Rampart 1-12-564-1",1,17,1,17,NA,NA,NA,-2.667041615
"Hollenbeck 2-20-175-2",1,15,2,8,NA,2.555698311,NA,-3.068204222
"Newton 1-17-253-1",1,17,2,12,3.644721426,-5.784984106,NA,4.103051781
"Southeast 1-22-126-1",1,18,1,19,4.893425364,4.822790483,NA,-0.862653486
"Northeast-20-310-1",1,22,1,14,-4.683790174,-4.62684032,4.109412679,-1.800046812
"Newton 1-17-255-1",1,15,1,12,NA,-1.623996754,-2.34481215,0.225379925
"Newton 2-23-237-1",1,23,1,13,NA,3.580332687,-2.760663355,0.560862766
"Southeast 1-22-122-1",1,19,2,19,NA,-8.97321034,NA,-4.256092894
"Valley-92-39-1",1,17,1,999,-1.722598965,-1.213991447,NA,3.938522279
"Foothill-14-402-1",1,17,1,5,NA,-11.44136978,NA,-0.191744072
"Olympic-12-159-2",1,17,2,15,NA,NA,NA,-0.753779218
"Southwest 2-23-31-3",1,21,1,23,NA,3.235120899,NA,-5.196776292
"Southwest 2-23-30-3",1,22,1,23,NA,4.055086701,NA,-5.485774559
"Southeast 3-10-160-1",1,19,1,21,NA,-2.133457621,-0.923044724,-4.455286859
"Southeast 3-10-90-2",1,15,1,21,NA,3.308297182,-0.923044724,-1.192559795
"Northeast-20-259-2",1,17,1,14,6.161124788,-8.814887045,NA,-0.999094766
"Mission-14-255-1",1,14,1,11,NA,-0.256278777,NA,0.320209706
"Hollenbeck 1-20-43-4",1,18,1,7,NA,0.077557436,1.817891365,-0.96908889
"Northeast-20-138-3",1,16,2,14,-1.03601907,-4.483061649,NA,2.889331505
"Olympic-12-164-2",1,18,1,15,NA,-5.530564118,NA,0.151872825
"Northeast-20-287-2",1,22,2,14,-7.33766016,1.584373154,NA,-4.329781489
"Northeast-20-304-2",1,16,1,14,4.0405079,5.890786246,0.684758288,0.324383978
"Hollenbeck 2-20-30-3",1,18,1,8,NA,1.281693204,-1.209314088,-4.907778024
"FGSEARE-0-86-1",1,17,1,999,-3.215596962,0.899768136,NA,1.165910918
"Valley-92-43-1",1,16,1,999,1.22779716,2.539725119,NA,5.539393668
"Hollenbeck 1-20-158-2",1,18,1,7,3.89227202,-0.385145013,NA,-1.38536168
"Southeast 3-10-88-1",1,14,1,21,NA,3.60554484,-2.337839801,-2.222866
"Foothill-14-401-1",1,16,1,5,NA,-2.758374966,NA,-0.48074234
"Foothill-14-400-1",1,16,1,5,NA,-4.102164866,NA,-0.191744072
"Olympic-12-162-2",1,14,2,15,NA,-2.932508563,NA,-0.48074234
"Hollenbeck 1-20-222-1",1,29,2,7,NA,-0.693671375,NA,-2.956039882
"Harbor-21-210-1",1,16,1,6,-3.085567903,-2.11637886,0.590133609,1.736628507
"Olympic-12-181-1",1,20,1,15,NA,-11.3517305,NA,-3.299475284
"Southeast 1-22-106-2",1,15,2,19,NA,4.553884213,-1.258430818,0.511088121
"Newton 1-17-215-2",1,14,2,12,3.775906386,-2.786005114,NA,-0.102094087
"Valley-92-45-1",1,17,2,999,NA,NA,NA,1.228663603
"Northeast-20-302-2",1,17,2,14,NA,1.056183984,-2.570020405,-2.956039882
"Southeast 1-22-131-1",1,18,1,19,-2.804991162,-1.953189584,-3.055878197,-1.800046812
"Newton 1-17-264-1",1,14,1,12,NA,-0.055055473,1.039548383,-0.46478095
"SSSEARE-0-103-1",1,16,1,999,NA,-1.000881739,NA,0.650667068
"Southeast 2-20-175-2",1,15,1,20,NA,0.182079205,NA,-1.151651754
"Newton 1-17-159-2",1,14,1,12,3.983563174,-1.759529444,NA,-0.121345549
"SSSEARE-0-97-1",1,15,1,999,2.397869386,-3.872295039,NA,2.15009554
"Newton 1-17-267-1",1,25,1,12,5.109341804,NA,NA,4.788550167
"Southwest 1-15-353-2",1,19,2,22,NA,-1.281038081,NA,8.79572017
"Newton 1-17-269-1",1,14,2,12,NA,-2.333630628,NA,1.397334384
"77th 2-13-1437-1",1,24,2,2,0.517087517,-0.875905016,1.292618844,-0.832493292
"Southeast 2-20-178-2",1,30,1,20,2.764641493,3.663546277,-1.999724056,-4.150508697
"Southwest 1-15-354-2",1,17,1,22,NA,4.621181691,NA,3.602033913
"Rampart 1-12-527-2",1,16,2,17,NA,5.121848715,NA,-1.983460883
"77th 2-13-1439-1",1,14,2,2,-2.227942663,-0.877639289,NA,1.858998123
"Hollenbeck 1-20-182-2",1,17,2,7,NA,-2.923378454,1.148605033,4.067866108
"Hollenbeck 1-20-122-3",1,15,1,7,-1.233677755,-1.818092017,NA,1.073304761
"Hollenbeck 1-20-151-2",1,16,1,7,2.230106404,2.138831988,-0.855767789,-1.311673084
"Southeast 2-20-227-1",1,29,1,20,1.913740308,3.834885232,NA,-2.182809166
"Southwest 1-15-359-2",1,15,2,22,3.375412136,-1.156825126,NA,4.989298045
"Northeast-20-206-3",1,19,2,14,0.142515663,0.304180055,NA,0.073888632
"Southwest 1-15-357-2",1,14,2,22,NA,-0.948235906,NA,8.056148392
"Hollenbeck 1-20-161-2",1,21,1,7,NA,-4.072090004,0.638006543,0.421465313
"Hollenbeck 2-20-70-3",1,17,1,8,2.216075744,-0.148625685,NA,-0.480560844
"Northeast-20-322-1",1,20,1,14,-6.010725167,NA,5.706392501,-2.275749222
"Valley-92-53-1",1,18,1,999,NA,3.777384319,0.697946463,10.82842585
"Newton 1-17-257-1",1,14,2,12,NA,2.186566074,1.099488303,3.002347053
"Southwest 1-15-356-2",1,17,1,22,NA,-0.19401777,1.047614731,-0.15324115
"Newton 1-17-274-1",1,20,2,12,3.432356862,-10.15757617,NA,0.908960657
"Newton 1-17-265-1",1,21,1,12,2.128775412,-1.355264843,NA,0.222089853
"Valley-92-51-1",1,16,1,999,NA,4.592166219,NA,1.174226469
"Southwest 1-15-365-2",1,17,2,22,NA,-2.025633625,NA,5.390460652
"Southeast 2-20-221-1",1,18,1,20,NA,-9.364922284,NA,3.236056979
"Newton 1-17-62-2",1,18,1,12,-2.128024622,2.936430221,-0.974526439,1.076440515
"Southeast 2-20-176-2",1,14,1,20,NA,1.832374666,-0.862740138,1.775955459
"Newton 1-17-275-1",1,15,1,12,NA,1.418244076,0.997768669,-1.042777485
"Newton 1-17-271-1",1,22,1,12,NA,-0.692554519,0.666598082,-2.440796032
"Southwest 1-15-364-2",1,17,1,22,3.92059039,-1.240560426,NA,10.86327571
"Foothill-14-430-1",1,18,1,5,-4.69932301,2.006469144,3.658239647,1.172127319
"Foothill-14-431-1",1,18,1,5,NA,-1.95667836,2.11274154,-0.680090623
"Southwest 1-15-358-2",1,17,2,22,NA,1.597493131,NA,5.36791912
"Southeast 3-10-138-2",1,23,2,21,NA,-3.951440188,3.763959919,-0.824177741
"Southeast 2-20-246-1",1,25,1,20,2.311286009,2.167770975,NA,1.955228251
"Olympic-12-165-1",1,16,1,15,NA,-3.366682892,NA,-0.308933891
"Newton 1-17-117-2",1,18,2,12,0.943575874,-5.182839635,NA,0.530339582
"Foothill-14-434-1",1,17,1,5,NA,2.722355745,NA,-3.462786686
"77th 2-13-1448-1",1,19,2,2,5.876996172,-0.722411219,2.034154142,0.430819382
"77th 2-13-1447-1",1,18,2,2,6.486467492,-1.254604938,-0.239084361,-1.91306236
"Harbor-21-211-1",1,21,1,6,2.675273948,1.288338241,0.386057272,-1.010881884
"Southwest 2-23-182-1",1,15,1,23,NA,-8.981357335,NA,1.849644054
"77th 2-13-1449-1",1,17,2,2,NA,2.71010119,-1.467721246,1.888301294
"Foothill-14-436-1",1,14,1,5,NA,-5.436745928,NA,6.941036187
"SSSEARE-0-98-1",1,17,1,999,1.683076253,-4.400368787,NA,4.312145052
"Northeast-20-278-2",1,17,1,14,-0.374567852,-2.576767371,NA,-1.40875442
"Northeast-20-283-2",1,17,2,14,-5.09188637,-0.080426753,NA,-4.618779757
"Harbor-21-213-1",1,18,1,6,4.565319451,-1.394560269,NA,5.497264862
"Harbor-21-212-1",1,22,2,6,1.528280699,4.142211017,NA,0.32767405
"Foothill-14-428-1",1,16,2,5,NA,-1.454747254,-2.347933659,-4.040783222
"Southeast 3-10-193-1",1,14,2,21,NA,5.187307401,3.347229585,-0.41780816
"FGSEARE-0-87-1",1,18,1,999,NA,1.629621782,NA,-1.410126837
"Newton 1-17-268-1",1,23,1,12,NA,1.023189525,0.931977589,1.541575821
"Foothill-14-438-1",1,16,1,5,-7.187357067,1.260737936,4.40101874,-1.694462616
"Southwest 2-23-167-1",1,24,1,23,NA,-1.012374824,NA,0.764900715
"Southwest 2-23-185-1",1,17,2,23,NA,-4.334945583,NA,1.233144597
"Newton 1-17-251-1",1,14,2,12,NA,1.424642117,1.155942048,1.721518325
"Southwest 2-23-154-1",1,15,1,23,NA,1.513124338,NA,-1.459901482
"Newton 1-17-250-1",1,17,2,12,NA,1.608697417,1.382271492,-0.281366879
"Southwest 2-23-162-1",1,14,1,23,NA,-3.454246276,NA,-1.113176009
"Southeast 3-10-197-1",1,14,2,21,NA,5.128601343,2.654688411,0.222089853
"Northeast-20-325-1",1,15,2,14,NA,-3.759209858,0.244166385,1.416558668
"Southeast 3-10-190-1",1,14,2,21,NA,5.823023725,2.654688411,-0.089449947
"77th 3-20-288-1",1,17,1,3,NA,6.290570557,NA,-3.642910686
"Southwest 2-23-164-1",1,13,2,23,NA,-1.43906593,NA,-0.881904947
"Valley-92-54-1",1,18,1,999,NA,0.566133749,0.919910603,0.939665336
"Newton 1-17-234-2",1,19,1,12,4.33813556,-6.266287063,NA,0.873774983
"Northeast-20-286-2",1,20,1,14,-3.921814143,-0.916452334,NA,0.944173507
"Olympic-12-138-2",1,18,1,15,NA,-7.038498189,-6.790298855,-1.402174276
"Newton 1-17-243-2",1,18,1,12,3.437064638,-1.517866622,NA,0.908960657
"Foothill-14-440-1",1,21,1,5,NA,NA,NA,1.788111382
"Northeast-20-271-2",1,15,1,14,-0.161671672,-0.895567781,NA,1.975330919
"Mission-14-325-1",1,18,1,11,NA,3.933849002,-0.200790822,-1.265551501
"Southwest 2-23-156-1",1,14,1,23,NA,0.504595507,NA,-2.092335151
"Mission-14-316-1",1,16,1,11,2.246461327,1.154540237,NA,0.331327112
"Mission-14-322-1",1,16,2,11,NA,-0.770941661,-2.428006913,-0.432885349
"Foothill-14-433-2",1,22,2,11,-8.583600888,-1.291123655,3.299963377,-4.564342622
"Mission-14-321-1",1,18,1,11,-6.204882911,0.972661181,NA,-2.042560506
"Hollenbeck 1-20-204-2",1,15,2,7,-4.697289218,2.005532237,1.926948014,2.694124501
"Southwest 2-23-166-1",1,20,1,23,NA,0.084511687,NA,0.472612376
"Southeast 2-20-213-2",1,24,1,20,NA,0.713388797,-1.030615518,-3.572512162
"Southwest 2-23-175-1",1,14,1,23,NA,0.574919374,NA,-1.151651754
"Southeast 2-20-212-2",1,25,2,20,NA,2.274065181,1.470802951,-0.62894356
"Northeast-20-156-3",1,16,1,14,0.268625611,1.284793808,NA,0.893026445
"Mission-14-328-1",1,16,1,11,-4.100241249,5.42662039,2.594748491,1.799744182
"Devonshire-Topanga-11-152-1",1,20,1,4,1.899709648,-9.287199896,NA,6.046837362
"Southwest 2-23-168-1",1,18,2,23,NA,-2.506558127,-2.072852151,-2.612604481
"Newton 2-23-277-1",1,17,2,13,NA,3.629136265,-1.631381119,-1.121310064
"Harbor-21-214-1",1,18,2,6,-0.423160255,-3.390846354,NA,1.560645787
"Northeast-20-275-4",1,23,1,14,NA,-8.878715979,NA,-2.03442645
"Northeast-20-276-2",1,21,2,14,NA,5.209146409,0.460793829,-3.408349552
"Mission-14-327-1",1,18,1,11,-6.674192663,3.952122961,NA,-0.254133767
"Harbor-21-215-1",1,19,2,6,-2.096757703,-9.455159549,0.46464467,-1.113176009
"Newton 1-17-242-2",1,17,2,12,3.102930667,-0.86487736,NA,0.908960657
"Southeast 1-22-118-2",1,20,1,19,NA,4.556745057,NA,-0.015761352
"Mission-14-317-1",1,18,2,11,0.139068919,0.104011379,NA,6.112544306
"Pacific-18-130-1",1,17,2,16,-0.322617929,-3.828136315,1.297955541,5.075966593
"Rampart 1-12-529-1",1,17,1,17,4.339455842,2.456011005,NA,NA
"Foothill-14-455-1",1,18,1,5,0.704744836,-5.949039189,0.999254525,-3.013767088
"Southeast 3-10-175-2",1,14,1,21,NA,-1.952283368,NA,-1.983460883
"Foothill-14-463-1",1,16,1,5,NA,-3.616327327,1.272850177,4.392050049
"Rampart 1-12-578-1",1,15,2,17,NA,1.539095691,NA,-1.983460883
"Rampart 1-12-560-2",1,15,2,17,NA,2.438122535,NA,-1.124781631
"Devonshire-Topanga-11-160-1",1,18,2,4,NA,-3.582870096,2.723209142,3.43211519
"Foothill-14-456-1",1,16,2,5,NA,-5.28006187,NA,1.522142865
"Southwest 2-23-67-3",1,23,2,23,NA,NA,NA,-2.378043347
"Devonshire-Topanga-11-158-1",1,17,1,4,NA,4.803482515,3.204094903,6.578349324
"Rampart 1-12-579-1",1,19,2,17,NA,0.742184712,NA,-2.667041615
"Devonshire-Topanga-11-154-1",1,19,2,4,NA,NA,NA,7.502583115
"Southwest 2-23-189-1",1,16,1,23,NA,2.250995675,0.658139877,-0.445529489
"Rampart 1-12-481-2",1,18,1,17,-5.005998989,0.503441672,NA,-2.304354752
"Southeast 2-20-235-2",1,24,1,20,NA,4.011446821,NA,-1.964209422
"SSSEARE-0-88-2",1,18,1,999,NA,-2.941718612,NA,-0.379820632
"Harbor-21-219-1",1,17,1,6,-1.764475629,1.667579095,-0.161740759,-0.012289785
"Northeast-20-326-2",1,17,2,14,NA,2.891921877,3.878353265,0.03952699
"Southeast 1-22-119-2",1,22,1,19,NA,NA,NA,-1.354317286
"SSSEARE-0-105-1",1,15,1,999,1.84420785,NA,NA,1.752041509
"Northeast-20-263-3",1,18,2,14,4.242013984,-0.725192535,NA,5.281586384
"Hollenbeck 1-20-188-2",1,31,1,7,NA,NA,NA,3.242664299
"Foothill-14-467-1",1,15,1,5,NA,4.180530775,-0.36096452,4.497634245
"Northeast-20-334-1",1,18,2,14,NA,-3.810593311,-0.856888978,0.894064962
"Foothill-14-473-1",1,16,1,5,NA,1.203998493,-0.88126501,-2.143482214
"Harbor-21-217-1",1,16,1,6,-1.370481803,1.469254799,NA,3.669659673
"Southeast 1-22-137-2",1,18,2,19,-7.33766016,-2.17015031,NA,-3.057268312
"Mission-14-335-1",1,17,1,11,0.907162232,2.016399274,NA,3.399368381
"Rampart 1-12-587-1",1,18,2,17,NA,1.653049336,NA,-2.956039882
"CPHBRE-0-121-1",1,18,1,999,4.741801989,2.211812033,-0.697959075,6.558763963
"CPHBRE-0-123-1",1,17,1,999,0.331434014,1.961268965,NA,5.633003437
"Hollenbeck 1-20-205-2",1,19,1,7,0.640801491,NA,NA,1.451771518
"Rampart 1-12-586-1",1,16,2,17,NA,2.233740286,NA,-2.378043347
"Southwest 1-15-380-2",1,18,2,22,NA,3.11204459,0.573701319,-2.306793616
"Foothill-14-460-1",1,16,1,5,NA,NA,NA,-4.112032952
"Newton 1-17-252-2",1,17,1,12,NA,0.678565233,-0.138850583,-0.195034144
"Hollenbeck 1-20-214-2",1,16,2,7,-1.637834064,0.080688346,NA,0.980210387
"Rampart 1-12-535-2",1,22,2,17,NA,-1.171344783,NA,-2.272459151
"CPHBRE-0-122-1",1,18,1,999,1.038347192,0.401624321,NA,6.050127434
"FGSEARE-0-93-1",1,16,1,999,0.476118019,-2.098692812,NA,0.776172438
"Foothill-14-472-1",1,14,1,5,NA,1.620333188,0.214818323,-2.143482214
"Northeast-20-173-2",1,19,2,14,NA,-5.128450024,0.42049997,-0.776320751
"Mission-14-344-1",1,16,1,11,NA,0.924707749,NA,-2.486917616
"Hollywood-12-81-2",1,16,1,10,6.838808284,6.705855964,NA,5.512006238
"Mission-14-313-1",1,18,1,11,NA,1.28705891,NA,-5.485774559
"Northeast-20-295-2",1,17,1,14,4.555207901,-0.330704681,NA,5.438317643
"Hollywood-12-61-3",1,15,1,10,2.764805874,2.969172162,NA,3.018281265
"Foothill-14-468-1",1,15,1,5,NA,-4.420470454,NA,-1.097214619
"Newton 1-17-289-1",1,24,2,12,NA,-0.80266462,-0.155889599,0.889890691
"SSSEARE-0-107-1",1,15,2,999,-2.296319219,0.009237907,NA,-0.379820632
"Devonshire-Topanga-11-165-1",1,18,2,4,NA,-2.75487957,2.928648729,3.685927784
"Mission-14-254-2",1,17,2,11,-2.364438726,-5.716241337,NA,1.416585845
"Southeast 2-20-270-1",1,18,2,20,NA,3.358822842,0.640978255,0.456650986
"Hollenbeck 1-20-218-2",1,16,1,7,NA,0.734410833,NA,NA
"Newton 1-17-291-1",1,23,2,12,NA,-3.490745357,1.499544287,1.931984013
"Northeast-20-313-2",1,16,2,14,NA,4.090816866,0.347371875,-4.907778024
"Rampart 1-12-592-1",1,16,2,17,NA,2.717076031,NA,-2.956039882
"Northeast-20-314-2",1,17,2,14,NA,-2.788093769,1.075476937,-3.69734782
"Northeast-20-350-1",1,15,2,14,NA,2.569915815,2.468652825,-3.931908953
"Mission-14-337-1",1,16,2,11,NA,3.448942856,NA,-3.69734782
"Mission-14-346-1",1,15,2,11,NA,1.44171018,NA,0.081319983
"Mission-14-345-1",1,15,2,11,NA,2.432920104,NA,1.018713309
"Southwest 2-23-205-1",1,16,2,23,NA,3.183216718,-0.781031232,-1.838522557
"Rampart 1-12-576-1",1,15,1,17,4.161745691,1.069390752,NA,NA
"Hollenbeck 1-20-212-3",1,17,2,7,NA,-1.632928492,NA,6.780526639
"FGSEARE-0-91-1",1,18,1,999,NA,2.032586434,NA,-0.379820632
"Foothill-14-461-1",1,19,1,5,NA,NA,NA,-2.956039882
"Hollenbeck 1-20-182-3",1,18,2,7,NA,-3.12178464,NA,4.11901317
"Hollenbeck 1-20-223-2",1,17,1,7,-0.009166961,-0.4766027,NA,2.205750773
"Newton 2-23-280-1",1,17,1,13,NA,2.405919668,NA,0.658646806
"Rampart 1-12-591-1",1,17,2,17,NA,-1.436928236,NA,-2.956039882
"Hollenbeck 3-20-249-1",1,19,1,9,-3.314544441,1.472173781,0.563634652,-4.275344355
"Mission-14-370-1",1,15,2,11,NA,5.20500435,NA,-2.956039882
"Mission-14-367-1",1,16,2,11,NA,3.782055919,NA,-4.329781489
"Mission-14-371-1",1,22,2,11,NA,-1.184822003,NA,-0.432885349
"Southeast 2-20-280-1",1,14,2,20,NA,-1.591464471,NA,2.552476247
"Southeast 2-20-282-1",1,18,2,20,NA,-1.359608912,-0.001202394,-0.247032414
"Foothill-14-444-1",1,17,2,5,NA,-2.52746554,NA,-2.272459151
"Devonshire-Topanga-11-172-1",1,16,2,4,NA,-3.685550416,-1.159440835,-0.066908414
"Devonshire-Topanga-11-135-2",1,24,2,4,-2.079175167,-2.686309766,-1.622558248,-3.751784954
"Hollenbeck 1-20-219-2",1,18,2,7,NA,-3.523954584,NA,0.558060911
"Valley-92-55-1",1,17,1,999,NA,6.029765909,1.414713872,-4.970530709
"Hollenbeck 2-20-210-2",1,14,2,8,-3.79151052,-1.767188287,NA,2.529934714
"Southeast 3-10-141-2",1,15,2,21,2.679450109,0.491774613,4.601121631,0.956817647
"Hollenbeck 3-20-212-2",1,28,2,9,-0.981529568,-0.16120906,NA,1.288641611
"Pacific-18-263-1",1,15,1,16,-1.691863661,4.943177468,-4.463728115,-1.284621467
"77th 3-20-313-2",1,15,1,3,NA,0.532870126,NA,-0.448819561
"77th 3-20-324-1",1,18,1,3,NA,NA,-5.388300096,-4.85334089
"Mission-14-372-1",1,15,2,11,NA,0.506118054,NA,-2.197919348
"Mission-14-373-1",1,15,2,11,NA,1.55467288,NA,-1.238862874
"Newton 1-23-321-1",1,16,2,12,NA,-3.007833651,NA,1.900791117
"Southeast 2-20-281-1",1,18,1,20,NA,-2.720689087,NA,NA
"Southeast 2-20-252-1",1,26,1,20,NA,-2.945224908,NA,-0.121345549
"77th 3-20-270-2",1,16,1,3,NA,5.768345701,1.860185542,6.569727051
"77th 3-20-273-2",1,17,2,3,NA,-0.023557409,5.881240231,0.137679835
"Hollenbeck 3-20-208-2",1,13,1,9,4.285898611,-1.067507403,NA,3.919664887
"77th 3-20-274-2",1,18,1,3,NA,0.980542861,-1.185302723,-2.850455686
"Pacific-18-132-1",1,18,1,16,-0.101647437,2.20446405,0.705648145,5.729233565
"Hollenbeck 1-20-213-2",1,17,1,7,NA,1.07458308,-2.686049404,-1.800046812
"Hollenbeck 1-20-106-3",1,19,1,7,2.630600654,NA,-1.615221232,2.075889637
"Rampart 1-12-604-1",1,14,2,17,NA,0.732127202,NA,-2.956039882
"Rampart 1-12-603-1",1,16,2,17,NA,1.554808119,NA,-2.956039882
"77th 1-16-226-1",1,15,1,1,0.047305398,-1.388075823,5.630534755,-1.800046812
"Southwest 1-15-391-2",1,18,1,22,NA,1.963889249,NA,-3.460347822
"Southeast 2-20-284-1",1,20,1,20,NA,NA,NA,-0.769740607
"Rampart 2-12-323-1",1,18,1,18,3.009407919,0.761344682,1.667419667,4.923255288
"77th 3-20-228-1",1,18,1,3,NA,4.239990261,NA,-4.618779757
"Hollenbeck 3-20-260-1",1,17,2,9,-6.895348495,0.493922437,NA,-2.647790154
"Hollenbeck 3-20-259-1",1,17,2,9,-5.326102301,-1.163153715,NA,-0.46478095
"Hollenbeck 1-20-256-1",1,21,1,7,NA,5.557133926,3.850491059,-1.093924548
"Hollenbeck 3-20-231-2",1,19,1,9,2.399936599,-0.232138771,NA,8.28083931
"Hollenbeck 3-20-105-3",1,18,1,9,-1.997750973,2.633111668,NA,1.373238939
"Southeast 2-20-293-2",1,18,1,20,NA,NA,NA,-2.440796032
"Southeast 2-20-294-2",1,18,1,20,NA,-1.237332028,NA,1.213920313
"Southeast 2-20-295-2",1,18,1,20,NA,NA,NA,-1.45661141
"Southwest 2-23-204-1",1,18,1,23,NA,-2.506558127,-2.072852151,-2.612604481
"Hollenbeck 1-20-242-2",1,17,1,7,NA,4.277635136,NA,3.687845439
"Hollenbeck 1-20-257-1",1,23,2,7,NA,-5.51574304,NA,4.270504463
"77th 3-20-254-1",1,16,2,3,NA,2.997204547,2.879531999,0.510264091
"Newton 1-23-308-1",1,15,2,12,NA,NA,NA,1.14352179
"Newton 1-23-309-1",1,14,2,12,2.818802051,-0.957878008,NA,0.565525255
"77th 3-20-139-3",1,17,2,3,NA,2.88785612,-6.790298855,-2.667041615
"77th 1-16-222-1",1,16,1,1,NA,-1.388075823,5.40420531,-0.769740607
"Rampart 1-12-491-3",1,17,1,17,3.709546108,0.603018318,NA,8.975844169
"Mission-14-365-1",1,19,2,11,NA,0.665601295,NA,-2.956039882
"77th 3-20-234-2",1,17,2,3,NA,3.806229482,NA,-3.69734782
"Harbor-21-227-1",1,14,1,6,3.190231,3.654906204,1.7594373,-0.102094087
"Harbor-21-225-1",1,16,1,6,2.161269943,0.387163601,NA,-0.246181206
"Hollenbeck 1-20-239-2",1,16,1,7,NA,0.850790199,2.938350729,1.748415624
"77th 3-20-310-1",1,17,2,3,NA,1.101009373,NA,-5.485774559
"Southwest 2-23-225-1",1,17,1,23,NA,4.800874576,4.6346852,-1.800046812
"Hollenbeck 3-20-234-2",1,15,2,9,2.653679632,-0.001061837,NA,8.76050732
"Southwest 2-23-220-1",1,18,1,23,NA,4.800874576,4.6346852,-1.800046812
"Harbor-21-222-1",1,27,1,6,1.137109332,1.625083334,NA,2.58766192
"Harbor-21-230-1",1,23,2,6,-3.175538775,1.720860509,NA,-2.956039882
"Newton 1-23-310-1",1,18,1,12,NA,3.673652055,NA,0.222089853
"Rampart 2-12-382-1",1,24,2,18,-8.583600888,4.425306959,0.747427859,-2.956039882
"77th 1-16-219-1",1,17,1,1,NA,0.240176763,5.647573771,-0.426305205
"Newton 1-23-307-1",1,17,2,12,NA,-2.152311061,0.622453383,0.437399525
"Hollenbeck 3-20-263-1",1,18,1,9,-1.833784456,2.301443869,NA,-0.090822364
"Hollenbeck 3-20-243-2",1,17,1,9,0.049536992,-1.614432321,NA,-2.432480481
"Hollenbeck 3-20-255-2",1,14,2,9,-6.850582532,0.245131574,NA,-3.588473551
"Hollenbeck 3-20-236-2",1,18,1,9,1.617871875,-3.140753117,NA,1.197958924
"Harbor-21-231-1",1,17,1,6,1.447101094,-2.529025454,-2.710425436,-2.956039882
"77th 1-16-229-1",1,16,1,1,NA,0.259982984,5.856864199,-5.485774559
"Hollenbeck 3-20-247-2",1,16,2,9,-1.555059613,-1.13001884,NA,-2.08904508
"Rampart 2-12-383-1",1,18,1,18,NA,NA,NA,NA
"Hollenbeck 3-20-219-2",1,17,1,9,3.161031293,7.072850094,NA,6.975370652
"Rampart 2-12-322-2",1,17,1,18,4.196623735,-3.464802453,1.425172396,4.945796821
"77th 1-16-223-1",1,16,1,1,-0.845413201,-0.818358702,5.396868295,-3.623659225
"77th 1-16-241-1",1,16,1,1,0.974842793,-3.866466561,1.349072589,3.184909916
"77th 3-20-298-1",1,18,1,3,NA,-2.156460953,NA,5.630234575
"77th 1-16-230-1",1,17,1,1,1.223713669,-0.246009338,1.267363683,-0.426305205
"Hollenbeck 1-20-249-2",1,15,2,7,NA,-1.931853755,0.614751701,-0.391092355
"Newton 2-23-293-1",1,15,2,13,-2.975538313,-0.774716579,-0.765236011,-3.173788419
"Hollenbeck 3-20-262-1",1,23,2,9,-2.399565505,-1.183249149,NA,7.033976243
"77th 1-16-218-1",1,17,1,1,0.06959571,-0.232677433,5.194914882,-2.612604481
"Southeast 2-20-309-1",1,17,1,20,NA,NA,NA,-0.769740607
"77th 1-16-242-1",1,17,1,1,NA,-1.494331479,NA,2.244226518
"77th 1-16-240-1",1,16,1,1,NA,4.435593945,NA,-1.026816096
"77th 1-16-238-1",1,17,1,1,1.583689827,2.663052089,NA,-1.62077402
"Southeast 3-10-178-2",1,16,2,21,NA,7.152440292,1.642678969,-1.640025481
"Rampart 1-12-602-1",1,20,2,17,NA,0.286804867,NA,-2.956039882
"Foothill-14-485-1",1,17,1,5,NA,-1.084402271,NA,-2.021936628
"BVCB-0-194-3",1,22,2,22,NA,0.741528359,NA,-2.205350699
"Hollenbeck 3-20-233-2",1,17,2,9,0.685310404,0.934282696,NA,0.097254196
"Hollenbeck 3-20-267-1",1,17,2,9,2.448275397,3.603011529,NA,-5.485774559
"77th 1-16-224-1",1,17,1,1,NA,0.248309076,0.897170224,-1.293300008
"Hollenbeck 3-20-268-1",1,16,2,9,-2.060968347,-2.741836261,NA,0.347776718
"77th 1-16-234-1",1,17,1,1,1.312364259,-4.037690479,NA,6.433438175
"Olympic-25-24-1",1,17,2,15,NA,NA,NA,-1.45661141
"77th 1-16-236-1",1,17,1,1,1.520021047,-3.197823624,NA,2.494749041
"77th 1-16-235-1",1,16,1,1,NA,-0.436048146,NA,-1.62077402
"Hollenbeck 1-20-230-2",1,19,2,7,NA,2.686538397,-2.740652627,-4.329781489
"Hollenbeck 1-20-147-3",1,19,1,7,NA,-0.034950736,-2.676347403,-2.08904508
"Hollenbeck 3-20-232-2",1,15,1,9,4.073534046,5.882480555,NA,7.070200434
"Hollenbeck 3-20-160-3",1,18,1,9,3.129232759,2.0609639,NA,6.548712253
"Hollenbeck 1-20-2-3",1,18,1,7,NA,2.366930589,0.890197875,-0.175782683
"Southwest 2-23-211-1",1,13,1,23,NA,-2.506558127,NA,-2.612604481
"Southwest 2-23-133-2",1,17,2,23,NA,-2.506558127,-1.755990929,-2.612604481
"Southwest 2-23-132-2",1,14,1,23,NA,-2.20280809,NA,-2.612604481
"77th 1-16-239-1",1,17,1,1,NA,NA,NA,-2.362081958
"Southwest 2-23-191-1",1,18,1,23,NA,-2.506558127,-2.072852151,-2.612604481
"Harbor-21-233-1",1,18,1,6,-1.155189648,0.819328003,NA,-0.261076901
"Newton 2-23-260-2",1,14,2,13,NA,-1.735616258,-2.385106009,-3.064914151
"Olympic-25-31-1",1,17,2,15,NA,NA,NA,-2.08904508
"Newton 2-23-261-2",1,24,2,13,NA,5.604742874,1.46783124,-0.636407904
"Newton 1-23-332-1",1,21,1,12,NA,-1.889320242,NA,1.486957192
"Harbor-21-236-1",1,22,1,6,-0.992737769,-1.965527887,NA,-0.496676552
"Harbor-21-232-1",1,17,1,6,1.59310538,3.278009594,NA,-2.304354752
"77th 1-16-243-1",1,16,1,1,NA,-2.925699654,NA,0.292488377
"Hollenbeck 3-20-246-2",1,16,1,9,3.87397253,1.498219762,NA,-0.499966623
"Olympic-25-18-1",1,18,1,15,NA,-5.104289604,NA,4.352174709
"77th 1-16-233-1",1,14,1,1,NA,4.252348768,NA,-2.956039882
"77th 1-16-237-1",1,16,1,1,1.182499581,0.436409334,3.259427458,-4.802193828
"Olympic-25-12-1",1,14,2,15,NA,-6.32108278,NA,5.148770989
"Newton 2-23-309-1",1,15,2,13,NA,4.376668927,-3.084861593,-1.854483946
"Hollenbeck 3-20-275-1",1,24,2,9,-1.470399844,-2.354928319,NA,-1.62077402
"Foothill-14-450-1",1,16,1,5,NA,NA,NA,-0.878614875
"77th 3-20-140-2",1,18,2,3,NA,NA,NA,1.566709783
"77th 1-16-245-1",1,16,1,1,-0.02222706,-2.538774165,NA,1.557355715
"Southwest 2-23-241-1",1,23,2,23,NA,1.77543381,2.083758144,0.487174171
"Hollenbeck 3-20-276-1",1,14,1,9,4.184660288,-0.694876701,NA,4.785260096
"Southwest 2-23-213-1",1,16,2,23,NA,0.260698275,-1.514987454,-2.667041615
"Olympic-25-25-1",1,15,1,15,NA,-5.233096517,NA,0.776172438
"Olympic-25-15-1",1,21,1,15,NA,NA,NA,3.809391025
"Southwest 2-23-231-1",1,19,1,23,NA,0.62707419,-0.163226615,-0.42612371
"Rampart 1-12-570-2",1,15,1,17,3.373560239,-5.15354281,NA,4.623475428
"Southwest 2-23-230-1",1,18,2,23,NA,2.283218746,-1.833334532,-2.956039882
"Southwest 2-23-232-1",1,22,1,23,NA,-2.750681026,0.321145321,-2.08904508
"Foothill-14-349-3",1,18,1,5,NA,NA,NA,-4.329781489
"Foothill-14-350-3",1,18,1,5,NA,NA,NA,-4.112032952
"Hollenbeck 3-20-229-2",1,13,1,9,4.326488413,-0.748380328,NA,4.048614647
"Hollenbeck 1-20-226-2",1,15,1,7,3.930005943,0.642883307,NA,1.538104254
"Harbor-21-246-1",1,18,1,6,-1.530917404,-2.412633329,0.239436415,-1.113176009
"Harbor-21-245-1",1,19,1,6,1.179859017,-1.210964672,-0.378368202,0.167652719
"Hollenbeck 3-20-245-2",1,19,2,9,-3.615395215,-0.522303999,NA,-3.064914151
"77th 1-16-232-1",1,16,1,1,NA,NA,2.965456412,-3.353912418
"Harbor-21-249-1",1,13,1,6,1.176471522,1.082714798,NA,1.624436989
"Hollenbeck 1-20-85-3",1,18,1,7,NA,3.270725541,0.130379765,1.51887997
"Foothill-14-490-1",1,33,1,5,NA,NA,NA,-4.112032952
"Hollenbeck 1-20-356-3",1,22,1,7,3.737826187,-1.123071237,2.138968094,0.57664266
"Harbor-21-241-1",1,26,2,6,-2.266372582,2.372220819,NA,-5.485774559
"Hollenbeck 1-20-255-2",1,20,2,7,NA,6.377868846,2.029546778,-5.485774559
"Foothill-14-493-1",1,17,2,5,NA,-2.396440993,-0.546243582,2.061663655
"Northeast-25-1-1",1,22,2,14,1.403216467,-4.58228598,NA,3.711759389
"Hollenbeck 3-20-205-3",1,18,1,9,-0.526191226,2.432583451,NA,-1.405464348
"Hollenbeck 3-20-265-1",1,22,1,9,1.662637838,-2.880190262,NA,-0.773030679
"Hollenbeck 3-20-3-4",1,20,2,9,-5.816567423,3.848566758,NA,-2.667041615
"Foothill-14-479-1",1,15,1,5,NA,4.009827584,-1.148252979,-2.962620026
"Hollenbeck 3-20-277-1",1,23,2,9,NA,-0.105082879,NA,-3.299475284
"Newton 1-17-301-2",1,17,2,NA,NA,-1.522874876,NA,2.713348785
"Olympic-25-16-1",1,24,1,15,NA,-5.878907046,NA,2.454873702
"Hollenbeck 1-20-236-2",1,16,1,7,NA,-2.186240754,1.842267396,1.109374634
"Northeast-25-2-1",1,18,2,14,1.748997586,-2.007811538,3.152613188,2.854118655
"Olympic-25-20-1",1,17,1,15,NA,-6.196484337,NA,7.061545168
"NHSEA-0-244-3",1,18,1,8,NA,-0.920086424,NA,-2.378043347
"Olympic-25-9-1",1,18,1,15,NA,-5.207413964,NA,0.854523522
"Southeast 2-20-316-1",1,17,1,20,NA,NA,NA,-0.426305205
"Southeast 2-20-312-1",1,17,2,20,NA,NA,NA,-1.45661141
"Northeast-25-3-1",1,21,1,14,1.343631178,0.438557543,NA,-4.275344355
"Harbor-21-247-1",1,25,1,6,-0.61054301,2.979875924,-0.923044724,-1.116466081
"Hollenbeck 2-20-190-3",1,15,2,8,-1.561087671,-3.592166522,NA,-2.724768821
"Harbor-21-250-1",1,24,1,6,1.162972478,3.338978483,-0.222045345,-1.980170811
"Hollenbeck 2-20-214-2",1,16,2,8,2.318225379,1.24039491,NA,0.062068522
"Olympic-25-23-1",1,19,1,15,NA,NA,NA,0.260928588
"Southwest 2-23-93-2",1,18,1,23,-3.674795165,4.781521024,-0.201912011,-2.721478749
"Hollenbeck 3-20-228-2",1,18,1,9,0.270692824,-1.445665411,NA,-0.391092355
"Harbor-21-253-1",1,16,2,6,0.088899182,-1.367055644,NA,-2.956039882
"Newton 1-17-254-2",1,25,2,12,3.302327803,2.113031742,NA,-3.588473551
"BHSEA-2-107-4",1,19,1,9,NA,-0.953204164,NA,-1.225340349
"Newton 1-17-260-2",1,16,1,12,NA,1.701965679,0.325360828,-4.798903756
"BVCB-0-76-4",1,23,1,22,NA,1.501909923,NA,-1.254797086
"NHSEA-0-357-3",1,18,1,8,3.738172463,3.958615238,NA,-2.884790151
"Hollenbeck 2-20-229-1",1,23,1,8,NA,1.564027472,NA,-4.103535906
"Hollenbeck 1-20-374-1",1,24,1,7,6.225253473,-8.673238263,NA,7.112174923
"Newton 2-23-315-1",1,19,1,13,NA,1.083881777,NA,-2.127520825
"Newton 1-17-199-2",1,17,1,12,NA,-3.718815923,NA,6.468623848
"Hollenbeck 2-20-227-1",1,21,1,8,NA,0.108731219,NA,-3.24503815
"Olympic-25-50-1",1,20,1,15,NA,-4.32035228,NA,-2.721478749
"Rampart 1-12-418-3",1,18,1,17,-0.198616928,0.087732639,NA,2.225002235
"Northeast-25-16-1",1,17,2,14,NA,0.154220407,0.272393258,-1.074673087
"Northeast-25-6-1",1,18,1,14,3.577665151,-3.040491458,NA,8.642278983
"Olympic-25-49-1",1,27,1,15,NA,-2.367790006,NA,-2.034607945
"Hollenbeck 2-20-216-2",1,14,1,8,NA,-0.311592748,0.541623606,2.99074143
"Newton 1-23-319-1",1,21,2,12,-2.641935957,-12.87736896,-0.93038174,-4.51319556
"Hollenbeck 3-20-122-4",1,17,1,9,1.498865677,4.665564512,NA,2.60066905
"77th 3-20-338-1",1,16,1,3,NA,1.639792059,NA,-1.238499884
"Northeast-25-15-1",1,19,2,14,NA,-1.901111044,NA,-1.459901482
"Northeast-25-4-1",1,20,1,14,2.13489614,-1.171883445,NA,3.021598514
"Hollenbeck 1-20-227-2",1,15,1,7,NA,-1.792052011,4.698990424,6.333917975
"Newton 2-23-262-2",1,15,1,13,NA,0.313343127,-1.505285453,4.895688276
"Hollenbeck 2-20-134-3",1,25,1,8,NA,1.761974524,NA,-3.534036417
"Hollenbeck 1-20-44-3",1,22,1,7,NA,1.558649394,4.172838774,3.541016635
"Newton 1-23-320-1",1,21,2,12,0.776694228,-0.726839422,-0.955122438,-2.503548717
"Northeast-25-14-1",1,22,1,14,-5.353100389,-0.035333568,NA,-4.907778024
"Pacific-18-123-2",1,18,2,16,NA,-1.304976856,-5.325265859,-3.534036417
"Hollenbeck 2-20-93-3",1,18,1,8,3.685403898,6.47116801,NA,-2.721478749
"Southwest 1-15-372-3",1,23,2,22,NA,NA,NA,-3.986346087
"Newton 1-17-257-2",1,15,2,12,NA,-0.942704654,NA,1.48366712
"Newton 1-17-272-2",1,17,2,12,3.396567506,-0.991575,NA,6.687223592
"Olympic-25-53-1",1,24,1,15,NA,-2.638026917,NA,4.000786747
"Harbor-21-260-1",1,24,2,6,-1.73747754,1.901552171,0.208088034,-3.986346087
"Hollenbeck 2-20-67-4",1,16,1,8,1.104707471,4.286653461,NA,2.404429344
"Harbor-21-248-1",1,25,1,6,2.206660191,0.984935554,NA,0.569881021
"Foothill-14-506-1",1,18,1,5,-8.141289223,-0.764508138,3.462137394,-0.991630423
"Newton 1-17-235-3",1,15,2,12,NA,2.489246024,0.432931622,-2.721478749
"Harbor-21-244-1",1,29,2,6,-1.777974673,1.947263572,NA,-2.956039882
"Southeast 2-20-331-1",1,17,2,20,NA,NA,NA,0.870484912
"Northeast-25-24-1",1,22,1,14,4.154713651,-0.297191169,0.54510978,6.035538462
"Newton 1-23-325-1",1,23,2,12,NA,-0.921212995,NA,-1.062028946
"Southeast 2-20-338-1",1,18,2,20,NA,NA,NA,-0.426305205
"Foothill-14-499-1",1,17,2,5,NA,NA,NA,-2.721478749
"Southeast 2-20-333-1",1,19,1,20,NA,NA,NA,-0.426305205
"Newton 1-23-317-1",1,16,2,12,NA,0.490558799,NA,1.990441101
"Newton 1-23-313-1",1,18,1,12,NA,-2.471773114,NA,0.437399525
"Newton 1-23-316-1",1,18,2,12,NA,-0.607877908,NA,1.560645787
"Newton 1-23-314-1",1,23,2,12,NA,-2.886925369,NA,1.451771518
"Harbor-21-252-1",1,25,1,6,-0.358120259,1.300408748,NA,-1.980170811
"Harbor-21-251-1",1,23,1,6,-1.340370785,-0.360355917,1.584224905,-2.08904508
"Olympic-25-59-1",1,20,1,15,NA,-6.045229888,NA,-2.882351287
"Devonshire-Topanga-11-188-1",1,17,2,4,0.03735823,-5.281070567,-2.961495578,1.378082923
"Southeast 2-20-336-1",1,15,1,20,NA,NA,NA,-0.426305205
"Southeast 2-20-325-1",1,18,2,20,-2.185796304,3.540666619,-5.522853967,-2.884790151
"Devonshire-Topanga-11-180-1",1,19,1,4,4.786036337,-4.083197601,NA,0.980210387
"Southeast 2-20-268-1",1,25,1,20,-8.583600888,NA,-6.790298855,-2.956039882
"Southeast 2-20-328-1",1,17,2,20,-2.185796304,3.540666619,-5.522853967,-2.595791884
"Southeast 2-20-326-1",1,18,1,20,-8.583600888,3.136544704,-6.790298855,-4.040783222
"Southeast 2-20-313-1",1,18,1,20,NA,NA,NA,-5.485774559
"Southeast 2-20-337-1",1,18,1,20,NA,NA,NA,-0.426305205
"Olympic-25-14-1",1,21,1,15,NA,-2.897626861,NA,0.276526987
"Hollenbeck 2-20-231-2",1,22,1,8,NA,1.380933198,NA,-0.055609514
"Newton 1-17-159-3",1,16,1,12,NA,1.076105242,NA,-2.956039882
"Harbor-21-257-1",1,20,1,6,0.925369053,-1.766473592,NA,0.511088121
"Southeast 2-20-329-1",1,20,2,20,NA,NA,NA,-0.769740607
"Newton 1-23-335-1",1,19,1,12,NA,-0.075546293,NA,-2.667041615
"Hollenbeck 1-20-260-2",1,17,1,7,NA,4.771894585,NA,0.156047096
"Olympic-25-58-1",1,20,1,15,NA,NA,NA,-0.03638523
"Newton 1-23-331-1",1,16,1,12,NA,-0.011773045,0.106003733,-2.667041615
"Newton 1-23-318-1",1,17,2,12,NA,-6.774033862,NA,7.421951386
"Newton 2-23-308-1",1,17,2,13,-1.910644295,2.636311408,NA,NA
"Harbor-21-258-1",1,18,1,6,-1.119214953,-3.768273766,NA,-3.751784954
"Hollenbeck 2-20-224-2",1,19,1,8,NA,2.128621304,3.014208476,-0.175782683
"Southeast 3-10-176-2",1,21,1,21,NA,-0.649550789,NA,1.506208653
"Harbor-21-259-1",1,19,1,6,2.863403633,-0.362563063,NA,0.616672317
"Devonshire-Topanga-11-177-1",1,19,2,4,4.370722761,-3.201685515,NA,-0.014910145
"Harbor-21-256-1",1,18,1,6,2.725443684,4.189885753,NA,-1.062028946
"Harbor-21-255-1",1,19,1,6,1.447101094,2.352306594,-1.76569293,-1.800046812
"Harbor-21-501-1",1,17,1,6,0.684686118,1.1192547,-1.249607947,-1.167613143
"Foothill-14-512-1",1,17,2,5,NA,-5.333958844,NA,-3.010477016
"Harbor-21-254-1",1,17,1,6,3.698902943,1.425604817,NA,-0.902007616
"Olympic-25-54-2",1,25,2,15,NA,-8.09493487,NA,-1.386212887
"Hollenbeck 1-20-177-3",1,17,1,7,2.201256418,-0.320753962,NA,6.43361967
"Newton 2-23-299-1",1,25,1,13,NA,-3.32920111,NA,5.211738161
"Devonshire-Topanga-11-186-1",1,16,1,4,NA,-3.293723849,NA,8.576753534
"Harbor-21-502-1",1,24,2,6,-0.6499052,2.253769133,NA,-3.646200757
"Southeast 1-24-10-1",1,23,2,19,NA,-3.431605572,NA,-1.76154389
"Newton 2-23-320-1",1,16,1,13,NA,-4.260124887,-3.513144449,2.710058713
"Newton 2-23-330-1",1,17,2,13,NA,1.99430999,-3.922023305,1.71076391
"Southeast 1-24-15-1",1,17,2,19,NA,-0.938234649,-2.244578372,-2.994515627
"Olympic-25-52-1",1,17,1,15,NA,-9.231450985,NA,-4.329781489
"Southeast 1-24-3-1",1,19,1,19,NA,NA,3.573559029,-2.272459151
"Southwest 1-15-290-2",1,26,2,22,NA,-0.611885142,NA,12.78381706
"Southeast 3-10-222-1",1,17,2,21,NA,1.952021164,NA,-0.519218084
"Newton 2-23-321-1",1,20,2,13,NA,0.641073532,-0.554337121,-2.956039882
"Northeast-20-314-3",1,17,2,14,NA,-0.401704903,0.213939194,-3.935199025
"Southeast 2-20-348-1",1,16,2,20,NA,-4.039105647,NA,-0.426305205
"Southeast 2-20-347-1",1,18,2,20,NA,NA,NA,-0.426305205
"NHSEA-0-222-5",1,21,1,8,NA,-4.730580598,NA,0.822627921
"Southeast 2-20-344-1",1,23,1,20,NA,NA,NA,0.729687865
"Hollywood-12-119-2",1,30,1,10,NA,5.609983855,NA,-4.907778024
"Olympic-25-67-1",1,24,1,15,NA,-1.949972087,NA,3.79324814
"Devonshire-Topanga-11-181-1",1,18,2,4,NA,-3.253579568,NA,-0.339094085
"Olympic-25-13-1",1,19,1,15,NA,NA,NA,0.276526987
"Northeast-25-5-1",1,18,2,14,NA,-2.309491036,NA,4.150908772
"Newton 2-23-319-1",1,16,1,13,NA,-8.798911197,-4.793263049,3.231882707
"Northeast-25-34-1",1,16,1,14,NA,-5.024574479,NA,5.019639734
"Olympic-25-68-1",1,23,1,15,NA,-8.855122081,NA,-1.167613143
"Devonshire-Topanga-11-183-1",1,14,1,4,NA,0.05548797,NA,11.65329185
"Newton 2-23-335-1",1,17,1,13,NA,0.615869904,-0.554701788,2.536696353
"Southwest 2-23-243-1",1,14,1,23,-0.353720467,-2.442236115,NA,-1.45661141
"Harbor-21-243-1",1,15,2,6,-0.212740258,2.108419079,-2.81214507,-0.432885349
"Northeast-25-27-1",1,16,1,14,NA,-3.899885242,NA,2.783747309
"NHSEA-0-348-3",1,21,2,8,NA,-2.102757973,NA,-0.766423358
"Rampart 2-23-321-1",1,22,2,18,NA,1.198382126,NA,-1.448965572
"Northeast-25-42-1",1,18,2,14,NA,2.153407743,NA,-1.222050277
"Devonshire-Topanga-11-192-1",1,23,1,4,NA,0.81383943,NA,-2.962620026
"Northeast-25-40-1",1,15,2,14,NA,2.268209263,NA,-0.461490878
"Devonshire-Topanga-11-156-2",1,17,2,4,NA,-4.265722908,NA,-3.642910686
"Rampart 2-23-302-1",1,20,2,18,NA,0.797373959,NA,-1.862799497
"77th 2-13-1490-1",1,18,1,2,NA,2.283619924,NA,-0.988340351
"NHSEA-0-227-4",1,26,2,8,NA,-2.13077054,NA,4.56337028
"77th 2-13-1484-1",1,16,1,2,NA,1.258543548,NA,-1.983460883
"Southwest 1-15-414-1",1,19,1,22,NA,1.360656758,NA,3.540132436
"77th 2-13-1489-1",1,19,1,2,NA,NA,NA,2.526644642
"Northeast-25-41-1",1,18,1,14,NA,-2.54252102,NA,4.087090392
"Rampart 2-23-319-1",1,17,2,18,NA,-3.771953853,NA,-2.378043347
"77th 3-20-186-3",1,16,2,3,NA,-0.468008596,NA,-2.378043347
"Rampart 2-23-325-1",1,18,1,18,NA,-3.154858241,NA,0.206155641
"Harbor-21-267-1",1,12,1,6,NA,-2.690626185,NA,-0.339094085
"Southwest 2-23-251-1",1,19,1,23,NA,0.194033877,NA,0.371356769
"Southwest 2-23-249-1",1,16,1,23,NA,-0.319106663,NA,1.039860311
"Harbor-21-266-1",1,15,1,6,NA,-7.567190539,NA,0.165213854
"Southwest 2-23-259-1",1,18,1,23,NA,1.257041591,NA,4.712943918
"Southwest 2-23-253-1",1,23,1,23,NA,2.744695278,NA,0.608538261
"Southwest 2-23-254-1",1,23,1,23,NA,1.230761621,NA,-1.042777485
"Hollenbeck 3-20-266-2",1,18,2,9,NA,1.418987016,NA,-0.692734763
"Northeast-25-39-1",1,22,2,14,NA,-0.160752263,NA,2.408389128
"Northeast-25-38-1",1,17,1,14,NA,1.059488867,NA,3.09196986
"Southeast 1-24-8-1",1,18,1,19,NA,4.350475362,NA,-1.983460883
"Northeast-25-44-1",1,23,2,14,NA,1.938554046,NA,0.780834927
"Hollenbeck 1-20-384-1",1,24,2,7,NA,1.296922656,NA,-4.329781489
"Rampart 2-23-317-1",1,17,2,18,NA,1.568737623,NA,3.891032181
"Devonshire-Topanga-11-152-2",1,21,1,4,NA,-9.287199896,NA,8.107812763
"Hollenbeck 1-20-160-3",1,18,2,7,NA,6.831371348,NA,1.069860372
"Southeast 1-24-37-1",1,23,1,19,NA,0.176455006,NA,-2.866389898
"Rampart 2-23-309-1",1,19,2,18,NA,NA,NA,-0.066057207
"Rampart 2-23-327-1",1,18,1,18,NA,2.504687587,NA,4.266726174
"Hollenbeck 1-20-253-2",1,19,1,7,NA,-1.302147117,NA,1.522170042
"77th 3-20-363-1",1,15,1,3,NA,3.04817672,NA,NA
"Rampart 1-12-613-1",1,17,2,17,NA,1.400404441,NA,-2.667041615
"Hollenbeck 3-20-202-2",1,16,1,9,NA,-1.264856443,NA,6.371536697
"Rampart 1-12-620-1",1,17,1,17,NA,-8.698204727,NA,-5.196776292
"77th 1-16-259-1",1,15,1,1,NA,3.225265397,NA,3.81840928
"Harbor-21-269-1",1,13,1,6,NA,-0.684724359,NA,2.142998089
"Rampart 1-12-618-1",1,18,1,17,NA,2.02712324,NA,-2.667041615
"Harbor-21-262-1",1,16,1,6,NA,-0.313605331,NA,-1.405464348
"Olympic-25-80-1",1,18,1,15,NA,-5.902549367,NA,1.542245533
"Harbor-21-263-1",1,18,1,6,NA,-0.266381871,NA,-2.956039882
"Harbor-21-261-1",1,15,1,6,NA,1.751936804,NA,-2.612604481
"Hollenbeck 1-20-266-2",1,18,1,7,NA,0.885067656,NA,-2.015356484
"Hollenbeck 1-20-254-2",1,16,1,7,NA,1.74706152,NA,8.572946155
"Harbor-21-264-1",1,16,2,6,NA,-0.142054266,NA,-1.588878419
"Southwest 2-23-266-1",1,16,1,23,NA,4.11512033,NA,6.422168365
"Newton 2-23-312-1",1,19,1,13,NA,-3.692987229,NA,0.242379832
"Newton 2-23-313-1",1,20,2,13,NA,1.963966147,NA,8.842023249
"Northeast-25-45-2",1,19,1,14,NA,1.17497212,NA,8.732967485
"Newton 1-23-343-1",1,16,1,NA,NA,1.961769489,NA,6.968269299
"BHSEA-2-109-2",1,21,2,9,NA,1.64532331,NA,-2.663724366
"Hollenbeck 3-20-253-2",1,14,2,9,NA,0.368621434,NA,1.544711575
"Hollenbeck 3-20-251-2",1,16,1,9,NA,0.744187194,NA,1.265067376
"BVCB-0-88-4",1,23,1,22,NA,0.216074895,NA,-2.593353019
"Harbor-21-268-1",1,17,2,6,NA,2.046341965,NA,2.606913381
"Hollenbeck 1-20-245-2",1,16,2,7,NA,-1.797955992,NA,-0.820860492
"Devonshire-Topanga-11-153-2",1,21,1,4,NA,-2.521713751,NA,3.072745576
"Southwest 2-23-263-1",1,13,1,23,NA,-2.465243085,NA,1.140231718
"Devonshire-Topanga-11-187-1",1,17,1,4,NA,-2.098212492,NA,4.563858497
"Southwest 2-23-257-1",1,16,2,23,NA,-0.108742762,NA,-1.116466081
"Rampart 1-12-617-1",1,18,1,17,NA,NA,NA,-1.511048545
"Southwest 2-23-261-1",1,20,1,23,NA,-2.989028064,NA,0.687070841
"Devonshire-Topanga-11-147-2",1,22,1,4,NA,0.537271247,NA,5.419066182
"Southwest 2-23-260-1",1,15,1,23,NA,0.744534544,NA,0.549591043
"Hollenbeck 3-20-250-2",1,17,2,9,NA,-1.193625561,NA,-1.619922813
"Rampart 2-23-329-1",1,22,2,18,NA,1.568737623,NA,3.891032181
"Hollenbeck 3-20-169-3",1,19,1,9,NA,0.059552669,NA,1.322976077
"Newton 2-23-326-1",1,17,1,13,NA,-4.084160098,NA,4.136865037
"Devonshire-Topanga-11-117-2",1,22,1,4,NA,-0.344452381,NA,-1.440650021
"Hollenbeck 1-20-263-2",1,25,2,7,NA,2.629269981,NA,-2.667041615
"Southwest 2-23-267-1",1,14,1,23,NA,1.044170171,NA,4.106341853
"Olympic-25-78-1",1,23,1,15,NA,-3.597578022,NA,-2.378043347
"Southwest 2-23-255-1",1,15,2,23,NA,0.462449753,NA,-0.487322483
"Devonshire-Topanga-11-120-2",1,16,1,4,NA,-5.37299348,NA,8.892467606
"Olympic-25-73-1",1,21,1,15,NA,-5.930379743,NA,-2.956039882
"Newton 1-23-355-1",1,21,1,12,NA,-0.833790164,NA,-0.641433383
"Newton 1-23-351-1",1,19,2,NA,NA,0.301763455,NA,3.978216124
"Southwest 2-23-265-1",1,18,1,23,NA,0.224717652,NA,1.75999407
"Southwest 2-23-81-2",1,18,2,23,NA,3.198716237,NA,-3.064914151
"Southwest 1-15-301-3",1,27,2,22,NA,1.34746852,NA,4.087090392
"Southwest 2-23-79-3",1,16,2,23,NA,3.266805308,NA,-3.119351285
"77th 2-13-1509-1",1,19,1,2,NA,4.53119733,NA,-3.064914151
"77th 2-13-1508-1",1,19,1,2,NA,-2.548379804,NA,7.225893175
"Southeast 1-24-46-1",1,22,2,19,NA,NA,NA,1.768002898
"Southeast 1-24-54-1",1,17,1,19,NA,NA,NA,0.976069108
"77th 2-13-1507-1",1,19,1,2,NA,1.960163397,NA,3.052642908
"77th 2-13-1506-1",1,19,1,2,NA,-4.672587175,NA,-4.618779757
"Rampart 1-12-625-1",1,17,2,17,NA,0.03717626,NA,2.494749041
"Hollenbeck 1-20-248-2",1,15,1,7,NA,3.012278556,NA,-1.39367723
"77th 2-13-1500-1",1,19,1,2,NA,0.967287644,NA,-4.798903756
"77th 2-13-1502-1",1,19,1,2,NA,0.945834123,NA,-4.040783222
"77th 2-13-1501-1",1,19,1,2,NA,-2.1120041,NA,-3.642910686
"77th 2-13-1503-1",1,19,1,2,NA,1.468184712,NA,-4.329781489
"77th 2-13-1504-1",1,19,1,2,NA,-3.70321853,NA,-3.389098091
"77th 2-13-1505-1",1,19,1,2,NA,-5.895601763,NA,-5.485774559
"Rampart 2-23-351-1",1,16,1,18,NA,1.036694807,NA,-0.94136756
"Foothill-14-516-1",1,20,1,5,NA,-4.422477862,NA,-3.931908953
"Southeast 3-10-229-1",1,19,1,21,NA,-2.1120041,NA,-3.642910686
"Southeast 3-10-302-1",1,19,1,21,NA,3.505107175,NA,-5.485774559
"Southeast 3-10-312-1",1,23,2,21,NA,NA,NA,-5.485774559
"Southeast 3-10-301-1",1,19,1,21,NA,3.515501724,NA,-5.485774559
"Foothill-14-519-1",1,18,1,5,NA,NA,NA,1.884856905
"Foothill-14-515-1",1,16,2,5,NA,NA,NA,-3.534036417
"Southeast 3-10-303-1",1,19,1,21,NA,2.632667216,NA,-3.479599283
"Southeast 3-10-306-1",1,19,1,21,NA,2.954433131,NA,-2.342830497
"Devonshire-Topanga-11-168-2",1,17,1,4,NA,-4.753180894,NA,7.007108034
"Newton 2-23-341-1",1,17,2,13,NA,-1.182807176,NA,0.971894837
"Southeast 3-10-308-1",1,19,1,21,NA,4.187209188,NA,-5.485774559
"Southeast 3-10-304-1",1,19,1,21,NA,-0.956143736,NA,-2.378043347
"Southeast 3-10-307-1",1,19,1,21,NA,-4.374473709,NA,1.089084656
"Devonshire-Topanga-11-193-1",1,17,1,4,NA,-1.617012197,NA,1.018686132
"Southeast 3-10-305-1",1,19,1,21,NA,2.261841913,NA,-5.485774559
"Southeast 3-10-314-1",1,16,2,21,NA,-2.350969739,NA,-2.252356482
"Rampart 1-12-619-1",1,18,1,17,NA,-5.309509626,NA,6.300649957
"Hollenbeck 1-20-250-2",1,20,1,7,NA,1.861852342,NA,-1.854483946
"Northeast-25-48-1",1,20,2,14,NA,-0.217637048,NA,2.119390861
"Southeast 3-10-309-1",1,13,2,21,NA,4.264659008,NA,-0.14059701
"Southeast 3-10-310-1",1,13,1,21,NA,0.639241772,NA,2.385847595
"Southeast 3-10-311-1",1,13,1,21,NA,4.281670973,NA,-1.694462616
"Northeast-25-43-1",1,17,1,14,NA,3.962364364,NA,-1.100504691
"Northeast-25-46-1",1,18,1,14,NA,4.909299057,NA,-4.329781489
"Rampart 2-23-344-1",1,18,2,18,NA,NA,NA,-0.75292801
"Hollenbeck 2-20-221-2",1,14,2,8,NA,-0.803832168,NA,2.940478567
"Southwest 2-23-268-1",1,20,1,23,NA,-0.981951813,NA,-0.484032411
"Southwest 2-23-258-1",1,16,1,23,NA,-6.537667294,NA,3.477198256
"Southeast 1-24-65-1",1,25,2,19,NA,-0.599119548,NA,-5.485774559
"Newton 2-23-331-1",1,19,1,13,NA,NA,NA,2.568773449
"Hollenbeck 1-20-387-2",1,14,2,7,NA,-7.296749735,NA,0.367028179
"Southwest 2-23-270-1",1,18,1,23,NA,4.842442935,NA,0.94450932
"Foothill-14-526-1",1,20,1,5,NA,1.70588875,NA,-2.830353017
"BVCB-0-126-3",1,26,1,22,NA,1.902851917,NA,8.920034618
"Newton 1-23-356-1",1,19,1,NA,NA,2.346112832,NA,5.515813618
"Northeast-25-49-1",1,20,2,14,NA,-3.663654713,NA,2.138642322
"Southeast 1-24-66-1",1,25,2,19,NA,-3.835744466,NA,-3.82285319
"Southeast 1-24-60-2",1,18,2,19,NA,-0.815378127,NA,-3.525539371
"Foothill-14-481-2",1,24,1,5,NA,0.898101046,NA,-4.329781489
"Southwest 1-15-360-3",1,17,2,22,NA,-0.711002268,NA,7.258667161
"Southeast 1-24-64-1",1,24,2,19,NA,-6.395257252,NA,-3.537326489
"Foothill-14-528-1",1,24,2,5,NA,4.004847752,NA,-2.558167346
"BVCB-0-114-4",1,25,2,22,NA,NA,NA,14.12773818
"Olympic-25-86-1",1,23,1,15,NA,-3.132787303,NA,6.088784674
"Newton 2-23-346-1",1,16,2,13,NA,-2.590977815,NA,7.773883834
"Foothill-14-522-1",1,15,1,5,NA,1.46415689,NA,-2.486917616
"Southeast 1-24-57-1",1,20,1,19,NA,3.007157923,NA,-3.24503815
"Rampart 2-23-360-1",1,15,1,18,NA,-2.132515327,NA,-0.535179474
"Devonshire-Topanga-11-195-1",1,16,1,4,NA,0.45415455,NA,2.95119999
"Southwest 2-23-272-1",1,17,1,23,NA,0.989165,NA,-2.16029481
"Foothill-14-529-1",1,18,1,5,NA,-3.26417595,NA,-2.956039882
"Hollenbeck 1-20-207-2",1,18,2,NA,NA,1.119060137,NA,-1.623212885
"Foothill-14-539-1",1,24,2,5,NA,-0.312044023,NA,-2.956039882
"Hollenbeck 2-20-222-2",1,16,1,8,NA,NA,NA,-3.646200757
"Foothill-14-527-1",1,16,1,5,NA,NA,NA,2.096849328
"Foothill-14-525-1",1,19,2,5,NA,-1.400907205,NA,0.562235183
"Newton 1-23-350-1",1,17,1,NA,NA,1.399507941,NA,5.047025251
"Hollenbeck 1-20-371-2",1,17,2,7,NA,-2.319847447,NA,3.990887441
"Southwest 2-23-273-1",1,14,1,23,NA,-3.462935185,NA,8.092887978
"Foothill-14-535-1",1,17,1,5,NA,-3.55622159,NA,-1.800046812
"Southwest 2-23-271-1",1,15,1,23,NA,-0.179924991,NA,-2.615894552
"Rampart 2-23-362-1",1,22,2,18,NA,3.111628411,NA,0.37464684
"Hollenbeck 1-20-131-4",1,18,1,7,NA,-0.250892454,NA,-0.769740607
"77th 3-20-325-2",1,15,1,3,NA,1.546561366,NA,-1.983460883
"Hollenbeck 1-20-373-2",1,15,1,7,NA,0.491831308,NA,0.908960657
"Hollenbeck 2-20-82-3",1,21,1,8,NA,-5.608156578,NA,-0.702632155
"Hollywood-12-138-1",1,21,2,10,NA,-4.188295993,NA,-3.299475284
"Newton 1-23-362-1",1,17,1,NA,NA,-1.180958254,NA,2.32309491
"Foothill-14-517-1",1,NA,1,5,NA,-2.812417437,NA,-5.485774559
"Foothill-14-536-1",1,17,2,5,NA,1.428041622,NA,-3.877471819
"Hollenbeck 1-20-379-2",1,19,1,7,NA,0.575583559,NA,1.689470319
"Foothill-14-514-1",1,19,1,5,NA,-2.457437119,NA,-5.485774559
"Hollenbeck 1-20-149-3",1,19,2,8,NA,-4.93713103,NA,-3.18210397
"Newton 1-23-364-1",1,22,2,12,NA,NA,NA,-2.440796032
"Foothill-14-432-2",1,19,1,5,NA,-3.280850875,NA,-3.642910686
"NHSEA-0-134-2",1,24,1,8,NA,2.053827844,NA,-1.265551501
"Southeast 1-24-55-1",1,15,1,19,NA,1.793464756,NA,2.443601979
"Rampart 1-12-600-2",1,17,1,17,NA,4.437397257,NA,-1.624064092
"77th 3-20-349-1",1,18,2,3,NA,1.92724524,NA,-1.745609678
"77th 3-20-355-1",1,15,2,3,NA,3.411767191,NA,-1.225340349
"77th 3-20-369-1",1,19,1,3,NA,4.373343454,NA,-3.299475284
"Hollenbeck 3-20-272-2",1,17,1,9,NA,0.702128026,NA,4.465738644
"77th 3-20-373-1",1,22,2,3,NA,-3.48060046,NA,1.049757703
"77th 3-20-345-2",1,17,2,3,NA,5.761603148,NA,-4.329781489
"Southeast 1-24-71-1",1,18,2,19,NA,3.634106381,NA,0.764900715
"Newton 2-23-339-1",1,18,1,13,NA,-1.763536677,NA,7.199150193
"Rampart 1-12-590-2",1,16,2,17,NA,2.717076031,NA,-2.956039882
"Foothill-14-474-2",1,25,2,5,NA,1.081714163,NA,-5.485774559
"Hollenbeck 3-20-270-2",1,18,1,9,NA,7.043247308,NA,-1.624064092
"Hollenbeck 2-20-228-2",1,17,2,8,NA,-3.195616661,NA,-1.222050277
"Foothill-14-530-1",1,22,1,NA,NA,-1.169078882,NA,-5.485774559
"Southwest 2-23-281-1",1,18,1,23,NA,-1.442802298,NA,0.756585164
"Southwest 2-23-277-1",1,18,1,23,NA,-1.701536021,NA,0.870484912
"Southeast 1-24-77-1",1,21,1,19,NA,3.226067092,NA,-0.917941828
"77th 3-20-322-2",1,22,2,3,NA,0.582336397,NA,2.506020764
"Southeast 1-24-82-1",1,19,1,19,NA,-0.896012619,NA,1.549221659
"Southeast 1-24-80-1",1,20,1,19,NA,1.411281994,NA,4.445998966
"Southeast 1-24-79-1",1,23,1,19,NA,1.912967972,NA,2.361960823
"Rampart 1-12-633-1",1,16,1,17,NA,-11.5157394,NA,0.061217315
"Foothill-14-533-1",1,15,1,5,NA,NA,NA,-2.143482214
"Northeast-25-70-2",1,25,2,14,NA,1.661209299,NA,3.872631927
"Northeast-25-69-2",1,23,1,14,NA,-10.97507444,NA,3.384258199
"Rampart 1-12-391-3",1,19,1,17,NA,-0.638622544,NA,-2.884790151
"Southeast 1-24-72-1",1,18,1,19,NA,NA,NA,0.870484912
"Northeast-25-68-2",1,22,1,14,NA,1.220057859,NA,3.560240919
"Southwest 2-23-279-1",1,18,2,23,NA,-0.818634743,NA,2.572766226
"77th 3-20-290-2",1,19,2,3,NA,3.422424801,NA,-4.040783222
"Hollenbeck 3-20-294-2",1,16,1,NA,NA,0.823143898,NA,-2.381333419
"Southeast 1-24-85-1",1,19,1,19,NA,-0.949063962,NA,-1.691172544
"Southwest 2-23-278-1",1,15,1,23,NA,-3.189209499,NA,0.674581018
"Southwest 2-23-280-1",1,15,2,23,NA,-1.823371135,NA,-2.667041615
"Northeast-25-64-1",1,16,1,NA,NA,0.584660639,NA,-4.329781489
"Mission-14-413-1",1,16,1,NA,NA,5.223673512,NA,2.635518911
"77th 3-20-376-1",1,14,2,NA,NA,2.935745622,NA,-2.884790151
